anchor;domains_num;backlinks_num;first_seen;last_seen
<EmptyAnchor>;17;371;1770310387;1790057769
nfa.co.uk;100;285;1770906460;1790079202
visit website;7;182;1771104682;1790045950
website;12;139;1774302042;1789921088
here;7;116;1772696593;1790034413
visit our website page;1;81;1774535766;1789575475
nfa;47;66;1770884541;1790017764
high quality dofollow backlinks da 50 pa 40 premium pbn network service nationalfosteringgroup.co.uk rank first page google fast seo link building buy backlinks online cheap;52;56;1783001153;1790063480
nationalfosteringgroup.co.uk;30;49;1743465312;1790033927
professional manual outreach backlinks for nationalfosteringgroup.co.uk for higher da and dr scores. grow search traffic, with safe link velocity.;18;18;1789186468;1790072850
national fostering group;13;15;1772610074;1790026003
www.nfa.co.uk;5;13;1773817016;1789409053
national fostering agency - midlands;3;12;1783055604;1787933545
fostering solutions;8;8;1784259187;1790078091
nfa fostering family website;1;8;1772046223;1789779371
financial support - foster carer pay & allowances;2;7;1776972074;1786811897
high quality dofollow backlinks da 50 pa 40 premium pbn network service nfa.co.uk rank first page google fast seo link building buy backlinks online cheap;7;7;1789785609;1790050916
https://www.nfa.co.uk/story/story_category/10-common-childhood-accidents-and-how-to-avoid-them-in-your-home/;2;7;1778025036;1787781045
professional seo authority backlinks for nfa.co.uk to strengthen your link profile. outrank your competitors, for competitive serp results.;7;7;1789816793;1790048166
reachoutcare.co.uk;5;7;1770410759;1784816360
go to website;2;6;1771448539;1789967126
https://nfa.co.uk;5;6;1771400049;1780442864
https://www.nfa.co.uk/story/blog-news/nfa-group-partners-with-british-exploring-society-for-highlands-expedition/;1;6;1776245822;1789930834
learn more about becoming a foster career with the national fostering group;3;5;1772160780;1788999104
find out more;1;4;1777315566;1790009057
reward charts;1;4;1777526989;1789956852
www.nationalfosteringgroup.co.uk;3;4;1772717952;1789263018
"types of foster care.";1;4;1784991242;1789779267
family placement - national fostering;1;3;1772849507;1789573084
fostering;3;3;1779841588;1789026444
fostering can be incredibly rewarding;1;3;1778762488;1787288753
https://www.nationalfosteringgroup.co.uk/;3;3;1776417945;1788882794
https://www.nationalfosteringgroup.co.uk/fostering-relations/;2;3;1780296549;1790070547
https://www.nationalfosteringgroup.co.uk/national-fostering-agency/scotland/;1;3;1785234357;1789111764
https://www.nfa.co.uk/fostering-solutions/;2;3;1784472251;1789072946
https://www.nfa.co.uk/national-fostering-agency/;1;3;1781549009;1785697592
modern slavery statement;1;3;1782551689;1789571901
national fostering agency;2;3;1776865664;1788935590
national fostering agency - east;1;3;1782848307;1785305382
national fostering agency midlands;1;3;1782861612;1788727565
national fostering group uk;2;3;1774487635;1789623903
nfa wales;1;3;1782457374;1789768117
privacy policy;2;3;1773366850;1785255048
can you foster if you have health issues | fostering solutions;2;2;1785170310;1788684622
foster care;1;2;1773652067;1789282974
foster care process;1;2;1785634428;1789904420
foster children explain: what qualities do you want in a ...;1;2;1785211688;1788711917
fostering solutions oundle - fostering solutions;1;2;1776081569;1788711917
heath farm fostering;2;2;1771254210;1788671176
https://www.nationalfosteringgroup.co.uk/national-fostering-agency/south-east/;2;2;1779538010;1789921088
