Keyword;NFG;capstone;isp;fosterplus;fosteringpeople;Volume;KD;CPC;Competition
autism;54;0;0;0;0;74000;97.00;1.05;0.10
what is autism;69;0;0;0;0;22200;65.00;1.16;0.08
autistic;71;0;0;0;0;18100;84.00;1.05;0.10
fetal alcohol syndrome;0;0;0;37;0;18100;72.00;0.00;0.01
ehcp meaning;0;0;39;0;0;12100;21.00;0.53;0.04
ehcp plan;0;0;14;0;0;8100;36.00;0.66;0.11
foetal alcohol syndrome;0;0;0;71;0;8100;44.00;1.82;0.01
foster;4;0;0;0;0;8100;59.00;6.09;0.44
county lines;86;0;0;0;0;6600;38.00;5.60;0.05
fostering;9;50;0;0;15;6600;34.00;6.09;0.44
capstone capstone;0;13;0;0;0;5400;47.00;2.40;0.08
fasd alcohol;0;0;0;44;0;5400;74.00;2.06;0.02
foster care;6;0;0;0;44;5400;33.00;5.67;0.61
care foster;9;0;0;25;0;4400;34.00;5.67;0.61
careers in prison;0;0;0;18;0;4400;42.00;0.38;0.13
foster to foster;5;41;0;0;0;4400;34.00;5.67;0.61
apple jacks adventure farm;0;11;0;0;0;3600;34.00;0.00;0.01
jobs inside a prison;0;0;0;27;0;3600;33.00;0.38;0.13
fasd symptoms;0;0;0;90;0;2900;50.00;1.69;0.02
kinship care;0;33;0;0;0;2900;36.00;0.00;0.33
what is an ehcp;0;0;63;0;0;2900;29.00;4.17;0.06
what is ehcp;0;0;69;0;0;2900;19.00;0.60;0.06
ehc;0;0;5;0;0;2400;39.00;13.67;0.10
ehc plan;0;0;10;0;0;2400;33.00;0.71;0.07
ehcp application;0;0;71;0;0;2400;21.00;0.00;0.03
ehcps;0;0;8;0;0;2400;23.00;0.69;0.04
empty nest syndrome;0;34;0;0;0;2400;43.00;0.20;0.01
fostering meaning;6;0;0;0;0;2400;36.00;1.77;0.02
prison officer positions;0;0;0;12;0;2400;37.00;0.33;0.12
reward chart;8;0;0;0;0;2400;28.00;0.25;1.00
sp ed;0;0;24;0;0;2400;63.00;1.07;0.06
foster carer;6;44;57;0;0;1900;24.00;5.91;0.61
national fostering agency;1;0;0;0;0;1900;34.00;3.18;0.03
what is a care leaver;0;17;0;0;0;1900;34.00;5.60;0.33
benefits for child with ehcp uk;0;0;5;0;0;1600;13.00;0.00;0.00
capstone definition;0;19;0;0;0;1600;43.00;0.00;0.33
care leaver;0;21;0;0;0;1600;37.00;2.00;0.01
care leaver meaning;0;13;0;0;0;1600;17.00;2.00;0.33
fostering allowance;11;22;12;36;6;1600;23.00;2.01;0.57
fostering the;3;36;0;0;28;1600;24.00;2.57;0.33
fostering uk;5;0;29;44;14;1600;49.00;5.18;0.64
how much do foster parents get paid;1;9;0;39;17;1600;20.00;1.31;0.56
adoption process in england;0;55;0;0;0;1300;28.00;0.61;0.58
care leavers;0;42;0;0;0;1300;37.00;2.00;0.01
county lines meaning;96;0;0;0;0;1300;22.00;6.61;0.03
do foster carers pay council tax;6;0;68;49;0;1300;11.00;1.81;0.20
education health and care plan;0;0;60;0;0;1300;24.00;1.22;0.06
find foster;5;0;39;0;83;1300;37.00;0.00;0.33
foster care allowance;10;12;5;29;17;1300;28.00;2.10;0.63
foster care uk;3;30;46;39;0;1300;41.00;5.18;0.64
foster england;10;35;0;8;0;1300;57.00;5.10;0.60
fostering agency;6;16;1;44;32;1300;61.00;7.89;0.48
fostering children;9;34;0;0;26;1300;32.00;4.74;0.62
fostering pay;6;11;17;41;18;1300;18.00;1.83;0.57
how much do foster carers get paid;5;10;30;46;15;1300;18.00;1.31;0.56
kinship carer;0;27;0;0;0;1300;22.00;0.00;0.33
what is trauma bonding;15;0;0;0;0;1300;39.00;0.44;0.01
becoming a foster;12;48;3;0;32;1000;31.00;8.75;0.65
becoming a foster parent;36;23;7;14;0;1000;20.00;8.63;0.70
behaviour chart;14;0;0;0;0;1000;14.00;0.27;0.99
co regulation;0;0;53;0;0;1000;45.00;0.00;0.33
foster carer pay;11;13;12;45;18;1000;15.00;1.88;0.66
foster parent pay;2;10;3;0;18;1000;25.00;1.83;0.57
foster parents;13;20;0;28;19;1000;40.00;4.72;0.55
fostering books;0;3;10;0;0;1000;7.00;1.50;0.12
how much do foster parents get paid uk;1;7;16;26;10;1000;17.00;1.52;0.56
how to become a foster parent;6;34;5;8;12;1000;31.00;7.20;0.63
respite foster care;2;37;8;31;29;1000;12.00;4.45;0.50
what does ehcp stand for;0;0;65;0;0;1000;17.00;0.71;0.05
what is a ehcp;0;0;54;0;0;1000;20.00;0.00;0.86
what is foster care;1;47;0;42;44;1000;27.00;2.40;0.19
what is kinship care;0;10;0;0;0;1000;28.00;6.01;0.03
what is the foster system;3;0;0;0;0;1000;31.00;2.40;0.19
become a foster carer;9;27;10;30;0;880;17.00;8.63;0.70
become a foster parent;7;35;9;6;14;880;17.00;8.63;0.70
foster care pay;4;17;16;40;13;880;19.00;1.83;0.57
foster care payments;10;14;0;40;22;880;21.00;1.83;0.57
foster kids;6;32;0;42;43;880;26.00;4.81;0.68
foster payments;14;17;27;39;26;880;21.00;1.83;0.57
fostering a dog;0;0;0;0;32;880;34.00;0.98;0.19
fostering network;31;0;0;0;0;880;22.00;3.85;0.36
how much do you get for fostering a child;2;10;13;36;15;880;16.00;0.00;0.00
isp providers in my area;0;0;44;0;0;880;49.00;4.17;0.77
national fostering group;1;0;0;0;0;880;42.00;3.04;0.44
what is a foster parent;6;15;0;28;49;880;31.00;2.40;0.19
foster care agencies;3;13;1;29;0;720;24.00;8.39;0.47
foster carers;17;40;0;0;52;720;50.00;5.91;0.61
foster carers allowance;14;16;12;41;19;720;24.00;2.01;0.57
foster children;8;0;56;46;28;720;24.00;5.09;0.66
foster parent;3;16;0;7;28;720;41.00;4.72;0.55
fostering agencies near me;2;29;0;51;65;720;20.00;10.69;0.59
how to foster a child;5;9;62;7;13;720;23.00;7.17;0.64
long term fostering;2;22;14;29;43;720;10.00;4.29;0.40
short term foster care;2;11;27;49;18;720;9.00;3.49;0.34
short term fostering;3;75;27;50;15;720;9.00;5.40;0.48
special education needs;0;0;13;0;0;720;47.00;1.16;0.06
what is a foster home;5;8;0;0;0;720;20.00;2.40;0.19
becoming a foster carer;8;41;4;22;0;590;22.00;8.63;0.70
capstone foster care;0;1;0;0;0;590;34.00;2.30;0.17
foster a child;4;46;0;33;24;590;28.00;0.00;0.00
foster care meaning;2;27;0;45;54;590;23.00;2.33;0.20
foster care training;7;35;22;64;0;590;18.00;3.25;0.36
foster carer payment;4;18;15;40;39;590;17.00;1.83;0.57
foster home;12;35;0;27;40;590;49.00;3.43;0.34
foster parent respite care;3;39;5;35;15;590;14.00;4.25;0.59
foster parent uk;4;34;22;23;26;590;20.00;5.19;0.68
fostering agencies;4;23;6;35;36;590;57.00;8.39;0.47
fostering agency near me;4;16;6;46;19;590;37.00;10.69;0.59
fostering babies;1;6;0;0;18;590;11.00;0.00;0.00
fostering in birmingham;3;29;5;30;26;590;28.00;7.94;0.29
fostering near me;14;0;0;52;77;590;12.00;14.08;0.40
how long does it take to become a foster carer;2;28;6;27;0;590;11.00;4.72;0.59
independent fostering agencies;7;12;3;37;29;590;19.00;4.51;0.71
parent and child fostering;3;16;6;36;38;590;9.00;0.00;0.00
private fostering;0;72;0;0;0;590;20.00;3.76;0.58
respite fostering;1;49;5;30;35;590;9.00;4.35;0.68
what disqualifies you from being a foster parent uk;2;5;21;23;46;590;7.00;2.76;0.57
what is fostering;3;54;0;0;58;590;17.00;2.08;0.18
what is kinship placement;0;3;0;0;0;590;29.00;7.68;0.02
emergency foster care;1;29;2;46;17;720;11.00;4.53;0.63
foster agencies near me;2;0;23;53;61;720;33.00;11.26;0.50
form f assessor jobs;19;7;2;0;0;480;8.00;0.57;0.07
foster agencies;2;26;6;33;34;480;41.00;8.39;0.47
foster agency;7;23;2;24;30;480;45.00;7.89;0.48
foster care agencies near me;2;14;0;24;0;480;13.00;7.96;0.53
foster care agency;6;28;1;23;31;480;47.00;8.57;0.23
