domain,ascore
99backlinksbuy.com,2
adobecqms.net,42
agreatertown.com,27
allbaclinks.com,2
aol.com,15
apsense.com,35
apsoz.com,4
articlement.com,6
atozbacklinks.com,2
b2clogin.com,39
backlinker.shop,3
backlinkshop.site,2
bbntimes.com,50
bebee.com,54
bestrankbacklinks.com,2
bestsafestonlinecasino.online,2
bestseobacklinkforsite.com,2
bitbucket.io,5
blessings123.com,5
blessings2you.com,10
booastrankingwithbacklinks.com,2
brandfetch.com,61
brightonjournal.co.uk,29
brightsites.co.uk,24
bristol.ac.uk,56
buy-backlinks-ranking-power.com,2
buybacklinks.agency,2
buyfairbacklinks.com,2
cbinsights.com,55
childpsychotherapy.org.uk,37
chrome-stats.com,48
companycheck.co.uk,48
crustdata.com,33
curiousmindmagazine.com,18
datafilehost.com,6
dotpim.com,4
editorialge.com,25
factmags.com,4
find-us-here.com,26
fiverr-cost-effective-seo.site,2
fiverr-quality-seo-at-affordable-rates.site,2
fiverr-seo-for-business-growth.site,3
fiverr-seo-for-small-businesses.site,2
flixpress.com,33
framer.app,2
friendlybacklinksbuy.com,2
fundraisingregulator.org.uk,37
gigbic.com,4
gitlab.io,16
giveasyoulive.com,40
glassdoor.co.in,70
glassdoor.es,46
glassdoor.ie,45
gold.ac.uk,48
goodreads.com,92
goooogla.com,4
homeftp.net,2
host.io,42
hotfri.com,4
hrnews.co.uk,35
iheart.com,80
increasewebtrafficwithlinks.com,2
inkl.com,45
insiderpaper.com,24
intelligenthq.com,36
it.com,16
itv.com,80
journoportfolio.com,42
kingranks.com,6
lapzoo.com,20
londondaily.news,35
lse.ac.uk,65
magdalenageka.com,6
mantaw.com,4
mapcarta.com,80
metacast.app,37
moneyinc.com,29
mylocalservices.co.uk,41
mynewsdesk.com,55
nesta.org.uk,44
netlify.app,23
newsanyway.com,18
nihr.ac.uk,49
nominet.uk,43
ovid.com,66
owler.com,40
padlet.com,69
passiro.com,4
peterborough.gov.uk,43
plos.org,59
port.hu,69
pp.ru,5
psu.edu,78
quero.party,6
qureos.com,34
rankboostly.shop,2
rankyour.website,3
reference-global.com,38
releasewire.com,32
research.com,53
sabns.com,4
sapnemein.com,11
scam-detector.com,57
schooltv.me,28
scoopupdates.com,21
selfgrowth.com,33
seo-high-ranking.shop,5
seoexpress.site,2
shopnaclo.com,25
shropshirestar.com,48
squarespace.com,75
steemit.com,65
superbqualitybacklinks.com,2
sussex.ac.uk,55
tgdaily.com,20
thebossmagazine.com,32
thefashionablehousewife.com,24
thefrisky.com,16
thesalfordmagazine.com,29
timelapsemagazine.com,22
tipped.co.uk,25
toptohigh.com,6
trafficboosterlinkseo.com,2
tributemosthaunted.co.uk,33
trustburn.com,34
ufrgs.br,63
ultraupdates.com,23
uni-lj.si,54
unicef.org,77
uploadarticle.net,21
userteamnames.com,26
ventsmagazine.co.uk,28
video-bookmark.com,21
viesearch.com,29
vocal.media,70
voucherix.co.uk,25
wales.nhs.uk,54
wanderlog.com,77
web-ranking-gain-fast.com,2
web.app,19
website-files.com,50
worldtopbacklinks.com,2
wowqualitybacklinks.com,2
wpenginepowered.com,6
yellii.com,4
yelpad.com,4
youtube.com,100
ziddu.com,24
zlutag.com,4
acast.com,58
anglican.org,47
azbigmedia.com,41
ceocolumn.com,34
christianitytoday.com,49
contactout.com,54
europeanbusinessmagazine.com,37
europeanbusinessreview.com,34
ghost.io,47
goodpods.com,38
grokipedia.com,63
healthcarebusinesstoday.com,28
indeed.com,100
lifeinabreakdown.com,27
livepositively.com,33
local.gov.uk,49
misterwhat.co.uk,27
moneysavingexpert.com,78
mumsthenerd.co.uk,21
netmums.com,47
nih.gov,100
northantstelegraph.co.uk,46
paperblog.com,41
prnewswire.co.uk,44
prospeo.io,46
psychreg.org,34
rocketreach.co,70
shorthandstories.com,45
siteprice.org,43
sussexexpress.co.uk,49
techdirectory.io,27
theorg.com,50
thomsonlocal.com,44
tntcode.com,28
trixonline.co.uk,36
valiantceo.com,41
wiza.co,42
wolverhampton.gov.uk,44
wordstreetjournal.com,24
yell.com,67
yudu.com,38
