Referring_Domain,Semrush_AS,nationalfosteringgroup.co.uk,thefca.co.uk,thefosteringnetwork.org.uk,capstonefostercare.co.uk,ispfostering.org.uk,fosterplus.co.uk,fosteringpeople.co.uk,swiisfostercare.com,compassfostering.com,orangegrovefostercare.co.uk
amazon.in,100,0,0,2,0,0,0,0,0,0,0
apple.com,100,1,0,1,0,0,0,0,0,0,0
bbc.co.uk,100,0,2,22,2,1,0,0,0,4,0
bbc.com,100,1,0,15,0,0,1,0,0,3,0
cambridge.org,100,0,0,1,0,0,0,0,0,0,0
google.com,100,1,0,0,0,0,0,0,0,0,0
indeed.com,100,1,1,2,2,0,0,1,0,4,1
nih.gov,100,0,0,3,0,0,0,0,0,0,0
nytimes.com,100,0,1,0,0,0,0,0,0,0,0
theguardian.com,100,1,0,49,1,0,0,0,0,2,1
wikipedia.org,100,0,0,1,1,1,0,0,0,0,0
gov.uk,100,0,0,9,0,0,0,0,0,0,0
yahoo.com,100,0,3,11,2,2,0,2,0,3,0
nhs.uk,99,0,0,1,0,0,0,0,0,0,0
medium.com,98,0,0,1,0,1,0,0,0,0,0
dailymail.co.uk,95,0,0,1,0,0,0,0,0,0,0
bing.com,91,0,0,0,0,0,1,2,2,1,0
linktr.ee,89,0,0,9,0,0,0,0,0,0,0
dailymail.com,87,0,0,1,0,0,0,0,0,0,0
substack.com,86,1,4,13,0,1,0,0,0,1,0
independent.co.uk,85,0,1,5,0,0,0,0,0,0,0
thesun.co.uk,85,0,2,5,0,0,0,0,0,0,0
ya.ru,85,1,0,0,0,0,0,0,0,0,0
goodhousekeeping.com,82,1,0,0,0,0,0,0,0,0,0
telegraph.co.uk,82,0,0,1,0,0,0,0,0,0,0
mirror.co.uk,81,0,1,0,0,1,0,0,0,1,0
springer.com,81,0,0,11,0,0,0,0,0,0,0
berkeley.edu,80,0,0,0,1,0,0,0,0,0,0
express.co.uk,79,0,0,2,0,0,0,1,0,0,0
bit.ly,78,0,2,3,2,0,0,0,0,0,0
moneysavingexpert.com,78,0,1,0,0,0,0,0,0,1,10
radiotimes.com,78,0,0,1,0,0,0,0,0,0,0
manchestereveningnews.co.uk,77,0,0,3,0,0,0,0,0,0,0
ox.ac.uk,77,0,0,2,0,0,0,0,0,0,0
theconversation.com,77,0,0,1,0,0,0,0,0,0,0
pearson.com,77,0,0,0,0,0,0,0,0,1,0
nice.org.uk,76,0,0,3,0,0,0,0,0,0,0
nzherald.co.nz,75,0,1,0,0,0,0,0,0,0,0
usp.br,75,0,0,0,28,0,0,0,0,0,0
cam.ac.uk,74,0,0,2,0,0,0,0,0,0,0
channel4.com,74,0,0,1,0,0,0,0,0,0,0
nv.ua,74,0,0,2,0,0,0,0,0,0,0
nyu.edu,74,0,0,12,0,0,0,0,0,0,0
metro.co.uk,74,0,1,6,0,1,1,0,0,1,0
biomedcentral.com,73,0,0,3,0,0,0,0,0,0,0
boredpanda.com,73,0,0,2,1,0,0,0,0,0,0
everydayhealth.com,73,0,0,0,0,1,0,0,0,0,0
liverpoolecho.co.uk,73,4,1,0,0,0,0,0,0,1,0
mdpi.com,73,0,0,1,0,0,0,0,0,0,0
newsweek.com,73,0,0,1,0,0,0,0,0,0,0
thetimes.com,73,0,1,3,0,0,0,0,0,0,0
uhc.com,73,0,1,0,0,0,0,0,0,0,0
crunchbase.com,72,0,1,0,1,1,1,0,0,1,0
citizensadvice.org.uk,72,0,0,1,0,0,0,0,0,0,0
dailyrecord.co.uk,72,0,0,3,0,0,0,0,0,0,0
digitalspy.com,72,0,1,0,0,0,0,0,0,0,0
ucl.ac.uk,72,0,0,1,0,0,0,0,0,0,0
walesonline.co.uk,72,1,5,2,0,0,0,0,0,0,0
legit.ng,71,0,1,0,0,0,0,0,0,0,0
natwest.com,71,0,0,1,0,0,0,0,0,0,0
vice.com,71,0,0,5,0,0,0,0,0,0,0
frontiersin.org,70,0,0,1,0,0,0,0,0,0,0
rocketreach.co,70,0,1,0,0,0,0,0,0,0,0
the-sun.com,70,0,0,1,0,0,0,0,0,0,0
tweakers.net,70,1,0,0,0,0,0,0,0,0,0
internetmatters.org,69,11,0,10,0,0,0,0,0,0,0
journals.sagepub.com,69,0,0,1,0,0,0,0,0,0,0
arstechnica.com,68,0,0,1,0,0,0,0,0,0,0
blog.gov.uk,68,0,0,14,0,0,0,0,0,0,0
grokipedia.com,68,0,2,12,2,0,0,1,0,1,0
ucas.com,68,0,0,1,0,0,0,0,0,0,0
sheknows.com,68,0,0,0,0,0,0,0,0,1,0
chroniclelive.co.uk,67,0,0,2,0,0,0,0,0,0,0
scotsman.com,67,0,0,2,0,0,0,0,0,0,0
thesun.ie,67,0,1,5,0,0,0,0,0,0,0
yell.com,67,0,0,0,72,9,12,0,54,153,0
breitbart.com,67,0,0,0,0,0,0,0,0,1,0
glassdoor.co.uk,67,0,0,0,0,0,0,0,0,2,0
daysoftheyear.com,66,0,0,2,0,0,0,0,0,0,0
gov.wales,66,0,0,90,0,0,0,0,0,0,0
mt.gov,66,0,2,0,0,0,0,0,0,0,0
nationalcareers.service.gov.uk,66,0,0,1,0,0,0,0,0,0,0
patient.info,66,0,13,0,0,0,0,0,0,0,0
unibo.it,66,0,0,1,0,0,0,0,0,0,0
yellowpages.com,66,0,0,1,0,0,0,0,0,0,0
belfasttelegraph.co.uk,65,0,1,0,0,0,0,0,0,0,0
leeds.ac.uk,65,0,0,0,1,0,0,0,0,0,0
open.edu,65,0,0,2,0,0,0,0,0,0,0
home.blog,64,0,0,1,0,0,0,0,0,0,0
pitchbook.com,64,1,0,0,2,1,0,0,0,1,1
awwwards.com,64,0,0,0,0,0,0,0,0,11,0
ac-versailles.fr,63,0,0,0,5,0,0,0,0,0,0
turn2us.org.uk,63,0,0,1,0,0,0,0,0,0,0
govdelivery.com,61,0,0,37,0,0,0,0,0,0,0
iisc.ac.in,60,0,0,0,1,0,0,0,0,0,0
overclockers.co.uk,60,0,2,0,0,0,0,0,0,0,0
thelancet.com,60,0,0,0,0,0,0,2,0,0,0
huffingtonpost.co.uk,59,0,1,26,1,0,0,0,0,0,0
leeds.gov.uk,59,0,0,12,0,0,0,0,0,0,0
nottinghampost.com,59,0,2,0,0,0,0,0,0,0,0
rbs.co.uk,59,0,0,2,0,0,0,0,0,0,0
thepinknews.com,59,0,0,3,0,0,0,1,3,0,0
leicestermercury.co.uk,58,2,0,0,0,0,0,0,0,1,1
acast.com,58,0,0,1,0,0,0,0,0,0,0
dailywire.com,58,0,0,0,1,0,0,0,0,0,0
kentonline.co.uk,58,0,0,0,0,1,0,0,0,0,0
mygov.scot,58,0,0,2,0,0,0,0,0,0,0
radio.net,58,0,0,1,0,0,0,0,0,0,0
wikiwand.com,58,0,0,1,0,0,0,0,0,0,0
inews.co.uk,58,0,4,2,0,0,0,0,1,0,0
birminghammail.co.uk,58,0,2,0,0,0,0,0,0,1,0
gridinsoft.com,58,0,0,0,0,0,0,0,0,2,0
bristolpost.co.uk,57,0,0,1,1,0,0,0,2,0,0
bristol.gov.uk,57,0,0,70,0,0,0,0,0,0,0
buzzsprout.com,57,193,0,1,0,0,0,0,0,0,0
hants.gov.uk,57,0,0,13,0,0,0,0,0,0,0
macmillan.org.uk,57,0,0,1,0,0,0,0,0,0,0
mylondon.news,57,0,0,2,0,0,0,0,0,0,0
womanandhome.com,57,1,0,0,0,0,0,0,0,0,0
gov.scot,57,0,0,18,0,0,0,0,0,0,0
gazettelive.co.uk,56,0,1,0,0,0,0,0,0,0,0
gla.ac.uk,56,0,0,4,0,0,0,0,0,0,0
hulldailymail.co.uk,56,0,0,1,0,0,0,0,0,0,1
plymouthherald.co.uk,56,0,0,0,1,0,0,0,0,0,0
qmul.ac.uk,56,0,0,1,0,0,0,0,0,0,0
dailykos.com,56,0,0,0,0,0,0,1,0,0,0
yorkshireeveningpost.co.uk,55,0,2,0,0,0,0,0,0,0,2
belfastlive.co.uk,55,0,3,4,0,0,0,0,0,0,0
contactout.com,55,0,0,0,0,0,2,0,0,0,0
instituteforgovernment.org.uk,55,0,0,5,0,0,0,0,0,0,0
norfolk.gov.uk,55,0,0,6,0,0,0,0,0,0,0
phys.org,55,0,0,1,0,0,0,0,0,0,0
thestar.co.uk,55,0,0,2,0,0,0,0,1,0,0
chron.com,55,0,0,0,0,0,0,0,0,1,0
coventrytelegraph.net,54,0,0,1,0,0,0,0,0,0,0
hscni.net,54,0,0,12,0,0,0,0,0,0,0
justgiving.com,54,0,0,64,0,0,0,0,0,0,0
liverpool.ac.uk,54,0,0,1,0,0,0,0,0,0,0
podbean.com,54,0,0,11,0,0,0,0,0,0,0
scope.org.uk,54,0,0,1,0,0,0,0,0,0,0
hercampus.com,54,0,0,0,0,0,0,0,0,1,0
amu.edu.pl,53,0,0,1,0,0,0,0,0,0,0
cardiff.ac.uk,53,0,0,12,0,0,0,0,0,0,0
dovepress.com,53,1,0,0,0,0,0,0,0,0,0
hull.ac.uk,53,0,0,3,0,0,0,0,0,0,0
lancashire.gov.uk,53,0,0,6,0,0,0,0,0,0,0
northyorks.gov.uk,53,0,0,2,0,0,0,0,0,0,0
qub.ac.uk,53,0,4,11,0,0,0,0,0,0,0
salford.ac.uk,53,0,0,1,0,0,0,0,0,0,0
strath.ac.uk,53,0,0,1,0,0,0,0,0,0,0
tinybuddha.com,53,0,0,0,0,0,1,0,0,0,0
wilx.com,53,0,0,0,2,0,0,0,0,0,0
bournemouth.ac.uk,52,0,0,54,0,0,0,0,0,0,0
cambridge-news.co.uk,52,0,0,0,0,2,0,0,0,0,0
dorsetcouncil.gov.uk,52,0,0,3,0,0,0,0,0,0,0
mybrightwheel.com,52,0,1,0,0,0,0,0,0,0,0
patsnap.com,52,0,2,0,1,0,3,1,0,0,0
portsmouth.co.uk,52,0,0,2,0,0,0,0,0,0,0
shu.ac.uk,52,0,1,0,0,0,0,0,0,0,0
uea.ac.uk,52,0,0,1,0,0,0,0,0,0,0
ulster.ac.uk,52,0,0,2,0,0,0,0,0,0,0
universite-paris-saclay.fr,52,0,1,0,0,0,0,0,0,0,0
woman.dk,52,0,0,0,1,0,0,0,0,0,0
barnardos.org.uk,51,0,0,19,0,0,0,0,0,0,0
closeronline.co.uk,51,0,0,1,0,0,0,0,0,0,0
expressandstar.com,51,0,0,2,0,4,0,0,0,0,0
kent.gov.uk,51,0,0,4,0,1,0,0,0,0,0
liverpool.gov.uk,51,0,0,4,0,0,0,0,0,0,0
mostlyblogging.com,51,0,1,0,0,0,0,0,0,0,0
ok.co.uk,51,0,0,1,0,0,0,0,0,0,0
pocketcasts.com,51,1,0,0,0,0,0,0,0,0,0
shorthand.com,51,0,0,2,0,0,0,0,0,0,0
smartsurvey.co.uk,51,0,0,1,0,0,0,0,0,0,0
somerset.gov.uk,51,0,0,1,0,0,0,0,0,0,0
theorg.com,51,0,0,0,0,0,0,0,1,0,0
endole.co.uk,50,0,0,1,3,0,1,1,0,1,0
brighton-hove.gov.uk,50,0,0,24,0,0,0,0,0,0,0
buckinghamshire.gov.uk,50,1,0,3,0,0,0,0,0,0,0
camden.gov.uk,50,0,0,7,0,0,0,0,0,0,0
hillingdon.gov.uk,50,0,0,1,0,0,0,0,0,0,0
humanium.org,50,4,0,0,0,0,0,0,0,0,0
irishnews.com,50,0,0,1,0,0,0,0,0,0,0
kinkly.com,50,0,0,0,1,0,0,0,0,0,0
lambeth.gov.uk,50,0,0,1,0,0,0,0,0,0,0
lancaster.ac.uk,50,0,0,2,0,0,0,0,0,0,0
leadiq.com,50,2,8,0,7,0,0,0,0,7,0
momjunction.com,50,0,0,0,2,0,0,0,0,0,0
netmums.com,50,0,0,2,0,0,0,0,0,0,0
podtail.com,50,0,0,2,0,0,0,0,0,0,0
royalgreenwich.gov.uk,50,0,0,1,0,0,0,0,0,0,0
salford.gov.uk,50,0,0,1,0,0,0,0,0,0,0
sheffield.gov.uk,50,0,0,3,0,0,0,0,0,0,0
southampton.gov.uk,50,0,0,6,0,0,0,0,0,0,0
sunderlandecho.com,50,0,5,0,0,0,0,0,0,0,0
surreycc.gov.uk,50,0,0,9,0,0,0,0,0,0,0
tickettailor.com,50,0,0,101,0,0,0,0,0,0,0
ukri.org,50,0,0,1,0,0,0,0,0,0,0
york.gov.uk,50,0,0,2,0,0,0,0,0,0,0
sussexexpress.co.uk,49,0,0,2,0,0,0,0,0,0,4
bathnes.gov.uk,49,0,0,5,0,0,0,0,0,0,0
bbcchildreninneed.co.uk,49,0,1,0,0,0,0,0,0,0,0
booktrust.org.uk,49,0,0,1,0,0,0,0,0,0,0
christianitytoday.com,49,0,0,1,0,0,0,0,0,0,0
coventry.gov.uk,49,0,0,29,0,0,0,0,0,0,0
derbytelegraph.co.uk,49,0,3,0,0,3,1,1,0,0,0
eastsussex.gov.uk,49,0,0,13,0,0,0,0,0,0,0
getsurrey.co.uk,49,0,0,2,0,0,0,0,0,0,0
gigroup.com,49,0,0,1,0,0,0,0,0,0,0
highland.gov.uk,49,0,0,159,0,0,0,0,0,0,0
leicester.gov.uk,49,0,0,3,0,0,0,0,0,0,0
leicestershire.gov.uk,49,0,0,9,0,0,0,0,0,0,0
local.gov.uk,49,0,0,42,0,0,0,0,0,0,0
milton-keynes.gov.uk,49,0,0,1,0,0,0,0,0,0,0
motherandbaby.com,49,0,0,2,0,11,4,0,0,1,2
newcastle.gov.uk,49,0,0,3,0,0,0,0,0,0,0
newworldencyclopedia.org,49,0,0,2,0,0,0,0,0,0,0
northamptonchron.co.uk,49,0,0,2,0,1,1,0,0,0,0
oxfordshire.gov.uk,49,0,0,16,0,0,0,0,0,0,0
parliament.scot,49,0,0,19,0,0,0,0,0,0,0
poddtoppen.se,49,0,0,1,0,0,0,0,0,0,0
portsmouth.gov.uk,49,0,0,52,0,0,0,0,0,0,0
prospeo.io,49,1,1,1,1,0,0,0,0,0,0
restless.co.uk,49,0,0,0,9,0,0,0,0,0,0
southlanarkshire.gov.uk,49,0,0,5,0,0,0,0,0,0,0
theepochtimes.com,49,0,2,0,0,0,0,0,0,0,0
ulsterbank.co.uk,49,0,0,2,0,0,0,0,0,0,0
westsussex.gov.uk,49,0,0,1,0,0,0,0,0,0,0
zeno.fm,49,1,0,0,0,0,0,0,0,0,0
pawboost.com,49,0,0,0,0,0,0,1,0,0,0
provenexpert.com,49,0,0,0,0,0,0,0,0,12,0
bigissue.com,48,0,0,2,0,0,0,0,0,0,0
brent.gov.uk,48,0,0,4,0,0,0,0,0,0,0
constantcontact.com,48,0,5,0,0,0,0,0,0,0,0
croydon.gov.uk,48,0,0,4,0,0,0,0,0,0,0
distractify.com,48,0,0,1,0,0,0,0,0,0,0
forcesnews.com,48,0,0,1,0,0,0,0,0,0,0
fwi.co.uk,48,1,0,0,0,0,0,0,0,0,0
hackney.gov.uk,48,0,0,2,0,0,0,0,0,0,0
hertfordshire.gov.uk,48,0,0,2,0,0,0,0,0,0,0
islington.gov.uk,48,0,0,6,0,0,0,0,0,0,0
lancs.live,48,1,0,2,0,0,0,0,0,0,0
newsletter.co.uk,48,0,0,1,0,0,0,0,0,0,0
nottinghamcity.gov.uk,48,0,0,2,0,0,0,0,0,0,0
nottinghamshire.gov.uk,48,0,0,16,0,0,0,0,0,0,0
observer.co.uk,48,0,0,2,0,0,0,0,0,0,0
southwark.gov.uk,48,0,0,2,0,0,0,0,0,0,0
unbiased.co.uk,48,0,0,0,1,0,0,0,0,0,0
warwickshire.gov.uk,48,0,0,3,0,0,0,0,0,0,0
digitalunite.com,48,0,0,0,0,0,0,0,0,1,0
yugo.com,48,0,0,0,0,0,0,0,0,11,0
aber.ac.uk,47,0,0,2,0,0,0,0,0,0,0
aberdeencity.gov.uk,47,0,0,3,0,0,0,0,0,0,0
anglican.org,47,0,0,1,0,0,0,0,0,0,0
blackhistorymonth.org.uk,47,0,1,0,0,0,0,0,0,0,0
bolton.gov.uk,47,0,0,5,0,0,0,0,0,0,0
bromley.gov.uk,47,0,0,2,0,0,0,0,0,0,0
essex.gov.uk,47,0,0,12,0,0,0,0,0,0,0
ghost.io,47,0,0,2,0,0,0,0,0,0,0
glasgowlive.co.uk,47,0,0,0,0,0,1,0,0,0,0
haringey.gov.uk,47,0,0,2,0,0,0,0,0,0,0
inyourarea.co.uk,47,1,5,2,0,5,1,4,0,0,3
jlpjobs.com,47,0,0,1,0,0,0,0,0,0,0
justanswer.co.uk,47,2,0,2,0,0,0,1,0,0,0
lewisham.gov.uk,47,0,0,1,0,0,0,0,0,0,0
miltonkeynes.co.uk,47,0,1,0,0,1,0,0,0,0,3
lgbtqnation.com,47,0,0,0,0,0,0,0,1,0,0
myjobscotland.gov.uk,47,5,0,0,0,0,0,0,0,0,0
cheshire-live.co.uk,46,1,0,0,0,0,0,0,0,0,0
doncasterfreepress.co.uk,46,0,0,0,0,0,0,0,0,0,1
northantstelegraph.co.uk,46,0,0,0,0,0,0,0,0,0,1
sandwell.gov.uk,46,54,0,0,0,0,0,0,0,0,0
ezilon.com,45,1,0,0,0,0,0,0,0,0,0
gransnet.com,45,1,0,0,0,0,0,0,0,0,0
iasgyan.in,45,0,0,0,0,0,0,0,0,1,0
luton.gov.uk,45,3,0,0,0,0,0,0,0,0,0
neverbounce.com,45,0,0,0,0,0,0,1,0,0,0
sitelike.org,45,0,0,0,0,0,0,7,1,7,0
stoke.gov.uk,45,0,0,0,0,0,0,0,0,1,0
find-tender.service.gov.uk,44,0,0,0,0,0,0,0,0,0,1
havering.gov.uk,44,1,0,0,0,0,0,0,0,0,0
iharare.com,44,0,0,0,0,0,0,1,0,0,1
marianne.cz,44,0,0,0,0,0,0,0,0,1,0
peekyou.com,44,0,0,0,0,0,0,0,0,2,0
wolverhampton.gov.uk,44,77,0,0,0,0,0,0,0,0,0
coherentmarketinsights.com,43,0,0,0,0,0,0,1,0,0,1
peacequarters.com,43,0,0,0,0,0,0,0,0,0,2
businessnewsthisweek.com,42,0,0,0,0,0,0,1,0,0,1
europages.fr,42,0,0,0,0,0,0,0,0,2,0
kent.sch.uk,42,0,0,0,0,0,0,0,0,1,0
lancasterguardian.co.uk,42,2,0,0,0,0,0,0,0,0,0
chad.co.uk,41,0,0,0,0,0,0,1,0,0,0
europages.co.uk,41,0,0,0,0,0,0,0,0,4,0
falkirkherald.co.uk,41,0,0,0,0,0,0,1,0,0,0
growjo.com,41,3,0,0,0,0,0,0,0,6,0
mathcracker.com,41,0,0,0,0,0,0,0,0,0,1
paperblog.com,41,0,0,0,0,0,0,0,0,3,1
wiza.co,41,2,0,0,0,0,0,2,2,0,2
daddilife.com,40,0,0,0,0,0,0,0,0,1,0
edublogs.org,40,6,0,0,0,0,0,0,0,0,0
goodpods.com,40,1,0,0,0,0,0,0,0,0,0
himalayas.app,40,0,0,0,0,0,0,2,0,0,0
intheplayroom.co.uk,40,0,0,0,0,0,0,1,2,0,1
theenterpriseworld.com,40,0,0,0,0,0,0,1,0,0,1
thelondoneconomic.com,40,0,0,0,0,0,0,2,0,0,0
baddiehub.org.uk,39,0,0,0,0,0,0,1,0,0,0
birminghamworld.uk,39,0,0,0,0,0,0,2,0,0,0
europages.it,39,0,0,0,0,0,0,0,0,2,0
freekidsbooks.org,39,0,0,0,0,0,0,1,0,0,1
gloucs.sch.uk,39,0,0,0,0,0,0,0,0,2,0
xtra.com.my,39,2,0,0,0,0,0,0,0,0,0
cocodoc.com,38,1,0,0,0,0,0,0,0,0,0
europages.com.tr,38,0,0,0,0,0,0,0,0,2,0
europages.es,38,0,0,0,0,0,0,0,0,2,0
aff.org.uk,37,1,0,0,0,0,0,0,0,0,0
bullz-eye.com,37,0,0,0,0,0,0,0,0,0,1
curlie.org,37,0,0,0,0,0,0,0,5,7,0
decoratoradvice.com,37,0,0,0,0,0,0,1,0,0,0
germanshepherdrescue.co.uk,37,0,0,0,0,0,0,0,1,0,0
goingonanadventure.co.uk,37,0,0,0,0,0,0,0,0,1,0
liverpoolworld.uk,37,0,0,0,0,0,0,1,0,0,0
moneymagpie.com,37,0,0,0,0,0,0,0,0,2,0
netnewsledger.com,37,0,0,0,0,0,0,0,0,0,1
speakrj.com,37,0,0,0,0,0,0,2,0,0,2
themetrocentre.co.uk,37,0,0,0,0,0,0,0,1,0,0
eyeonannapolis.net,36,0,0,0,0,0,0,1,0,0,0
ireland-live.ie,36,2,0,0,0,0,0,0,0,0,0
kidsworldfun.com,36,0,0,0,0,0,0,1,0,0,0
livepositively.com,36,0,0,0,0,0,0,1,0,0,0
manchester.sch.uk,36,1,0,0,0,0,0,0,0,0,0
manchesterworld.uk,36,0,0,0,0,0,0,0,2,0,0
mkfm.com,36,1,0,0,0,0,0,0,0,0,0
otsnews.co.uk,36,0,0,0,0,0,0,1,0,0,1
podcastrepublic.net,36,1,0,0,0,0,0,0,0,0,0
softcircles.com,36,0,0,0,0,0,0,0,0,0,1
advancedautism.com,35,0,0,0,0,0,0,1,0,0,0
bristolpride.co.uk,35,0,0,0,0,0,0,0,2,0,0
clodura.ai,35,0,0,0,0,0,0,0,0,1,0
companiesintheuk.co.uk,35,2,0,0,0,0,0,0,0,0,0
culturaldaily.com,35,0,0,0,0,0,0,1,0,0,1
deeside.com,35,0,0,0,0,0,0,1,0,0,1
dolphinholidays.co.uk,35,0,0,0,0,0,0,1,0,0,1
dudleyci.co.uk,35,3,0,0,0,0,0,0,0,0,0
glarity.app,35,1,0,0,0,0,0,4,0,1,0
letsdiskuss.com,35,0,0,0,0,0,0,0,0,0,1
londonmumsmagazine.com,35,0,0,0,0,0,0,1,0,0,1
mettle.co.uk,35,1,0,0,0,0,0,0,0,0,0
ourkidthings.com,35,0,0,0,0,0,0,1,0,0,1
shoutoutuk.org,35,0,0,0,0,0,0,1,0,0,1
smenews.digital,35,0,0,0,0,0,0,0,0,1,0
synup.com,35,0,0,0,0,0,0,0,0,4,0
techslassh.com,35,0,0,0,0,0,0,1,0,0,1
the-gingerbread-house.co.uk,35,0,0,0,0,0,0,1,0,0,0
theinspirationedit.com,35,0,0,0,0,0,0,1,0,0,1
thotslifed.com,35,0,0,0,0,0,0,0,0,0,1
totalguidetobath.com,35,0,0,0,0,0,0,1,0,0,1
aquaidwatercoolers.co.uk,34,0,0,0,0,0,0,0,12,0,0
bloomberry.com,34,0,0,0,0,0,0,0,3,3,0
bullocksbuzz.com,34,0,0,0,0,0,0,0,0,0,1
cbseguess.com,34,0,0,0,0,0,0,1,0,0,1
checkasalary.co.uk,34,0,0,0,0,0,0,0,0,0,1
clubhubuk.co.uk,34,1,0,0,0,0,0,0,0,0,0
elmens.com,34,0,0,0,0,0,0,1,0,0,1
europages.de,34,0,0,0,0,0,0,0,0,1,0
europeanbusinessmagazine.com,34,0,0,0,0,0,0,0,0,0,2
europeanbusinessreview.com,34,0,0,0,0,0,0,1,0,0,1
greatbritishfoodfestival.com,34,4,0,0,0,0,0,0,0,0,0
multischolar.com,34,0,0,0,0,0,0,1,0,0,1
mygreenbucks.net,34,0,0,0,0,0,0,11,0,0,9
nff.org.uk,34,1,0,0,0,0,0,0,0,0,0
outfrontmagazine.com,34,0,0,0,0,0,0,0,1,0,0
plugandplaydesign.co.uk,34,0,0,0,0,0,0,0,0,1,0
podscan.fm,34,2,0,0,0,0,0,0,0,0,0
psychreg.org,34,0,0,0,0,0,0,1,0,0,1
rtor.org,34,0,0,0,0,0,0,0,0,1,0
sensoryedge.com,34,0,0,0,0,0,0,1,0,0,1
southfloridareporter.com,34,0,0,0,0,0,0,0,0,0,1
theclintoncourier.net,34,0,0,0,0,0,0,0,0,0,1
ukcareersfair.com,34,0,0,0,0,0,0,0,0,5,0
uncovercounseling.com,34,0,0,0,0,0,0,0,0,1,0
bristolcreativeindustries.com,33,0,0,0,0,0,0,0,1,0,0
corambaaf.org.uk,33,4,0,0,0,0,0,0,0,0,0
entrepreneursbreak.com,33,0,0,0,0,0,0,1,0,0,1
feedbuzzard.com,33,0,0,0,0,0,0,2,0,0,0
finalscout.com,33,0,0,0,0,0,0,0,0,1,0
fustany.com,33,0,0,0,0,0,0,1,0,0,0
loyalshayar.com,33,0,0,0,0,0,0,1,0,0,1
redkitedays.co.uk,33,1,0,0,0,0,0,0,0,0,0
scenemag.co.uk,33,0,0,0,0,0,0,0,2,0,0
sweetsofties.com,33,0,0,0,0,0,0,2,0,0,2
traveldailynews.com,33,0,0,0,0,0,0,1,0,0,1
warrington-worldwide.co.uk,33,0,0,0,0,0,0,1,0,0,4
wirral.sch.uk,33,0,0,0,0,0,0,0,0,1,0
bizzmarkblog.com,32,0,0,0,0,0,0,0,0,0,1
callupcontact.com,32,0,0,0,0,0,0,0,0,1,0
emmareed.net,32,0,0,0,0,0,0,1,0,0,1
enlyft.com,32,0,0,0,0,0,0,0,0,0,1
europages.pt,32,0,0,0,0,0,0,0,0,2,0
findtheneedle.co.uk,32,0,0,0,0,0,0,0,0,5,0
fivelittledoves.com,32,0,0,0,0,0,0,1,1,1,1
jupiterhadley.com,32,0,0,0,0,0,0,1,0,0,1
kidsinthehouse.com,32,0,0,0,0,0,0,1,0,0,1
lookwhatmomfound.com,32,1,0,0,0,0,0,0,0,0,1
meriweb.net,32,0,0,0,0,0,0,1,0,0,0
metapress.com,32,0,0,0,0,0,0,1,0,0,1
moneydashboard.com,32,0,0,0,0,0,0,0,0,1,0
mycovenant.org.uk,32,0,0,0,0,0,0,0,1,0,0
ourrochdale.org.uk,32,3,0,0,0,0,0,0,0,0,0
privateequityinfo.com,32,0,0,0,0,0,0,0,0,1,0
rdg.today,32,0,0,0,0,0,0,0,0,0,1
researchsnipers.com,32,0,0,0,0,0,0,0,0,0,1
salonprivemag.com,32,0,0,0,0,0,0,1,0,0,1
seftondirectory.com,32,0,0,0,0,0,0,2590,0,0,0
silk1069.com,32,1,0,0,0,0,0,0,0,0,0
sparklesandstretchmarks.com,32,0,0,0,0,0,0,1,0,2,1
spiritedpuddlejumper.com,32,0,0,0,0,0,0,0,0,2,0
successfulblackparenting.com,32,0,0,0,0,0,0,0,0,0,1
sunderlandinformationpoint.co.uk,32,0,0,0,0,0,0,0,0,184,0
sunnysweetdays.com,32,0,0,0,0,0,0,1,0,0,1
thinkingautismguide.com,32,0,0,0,0,0,0,3,0,0,0
whosthemummy.co.uk,32,0,0,0,0,0,0,0,0,1,0
zhihuiya.com,32,0,0,0,0,0,0,1,0,0,0
1888pressrelease.com,31,0,0,0,0,0,0,0,0,0,1
amumreviews.co.uk,31,0,0,0,0,0,0,1,0,0,1
anationofmoms.com,31,0,0,0,0,0,0,1,0,0,0
baddiehub.news,31,0,0,0,0,0,0,1,0,0,1
bigeasymagazine.com,31,0,0,0,0,0,0,1,0,0,1
birkenhead.news,31,1,0,0,0,0,0,2,0,0,0
ceocolumn.com,31,0,0,0,0,0,0,0,0,0,1
eachother.org.uk,31,1,0,0,0,0,0,0,0,0,0
edmiliband.org.uk,31,0,0,0,0,0,0,0,0,1,0
emmysmummy.com,31,0,0,0,0,0,0,2,0,1,1
escis.org.uk,31,2,0,0,0,0,0,0,0,0,0
europages.nl,31,0,0,0,0,0,0,0,0,2,0
europages.pl,31,0,0,0,0,0,0,0,0,2,0
fastbase.com,31,0,0,0,0,0,0,0,0,14,0
gluesticksgumdrops.com,31,0,0,0,0,0,0,1,0,0,1
hekahappy.com,31,0,0,0,0,0,0,0,0,2,0
hiddengemsaba.com,31,0,0,0,0,0,0,2,0,0,0
hotfrog.co.uk,31,0,0,0,0,0,0,0,0,1,0
imnepal.com,31,0,0,0,0,0,0,0,0,0,1
leighleopards.co.uk,31,1,0,0,0,0,0,0,0,0,0
literallydarling.com,31,0,0,0,0,0,0,0,0,0,1
onyamagazine.com,31,0,0,0,0,0,0,1,0,0,1
outragemag.com,31,0,0,0,0,0,0,1,0,0,1
shemightbeloved.com,31,0,0,0,0,0,0,0,0,0,1
sitashri.com,31,0,0,0,0,0,0,1,0,0,1
tamaracamerablog.com,31,0,0,0,0,0,0,1,0,0,1
techmediatoday.com,31,0,0,0,0,0,0,1,0,0,1
theexeterdaily.co.uk,31,0,0,0,0,0,0,1,3,0,1
thefoxmagazine.com,31,0,0,0,0,0,0,1,0,0,0
