Referring Domain,Backlinks (true),Domain ascore,Primary Risk Factor,First seen
eurekster.com,149,6,No Link-Level Sample - Unverified,2024-04-14
e360tv.com,118,18,No Link-Level Sample - Unverified,2024-12-08
supermindhacker.com,109,2,High Link Volume from Near-Zero Authority Domain,2024-12-15
drywearapparel.com,99,8,No Link-Level Sample - Unverified,2025-09-25
valentinosnaturals.com,82,10,No Link-Level Sample - Unverified,2025-03-31
mylandingpages.co,78,12,No Link-Level Sample - Unverified,2026-04-21
naxttiihealth.com,74,2,High Link Volume from Near-Zero Authority Domain,2025-09-16
thebitsignal.com,72,2,"Newly-Seen Domain, Aggressive Link Velocity",2026-06-19
le-meilleur-complement.fr,69,17,No Link-Level Sample - Unverified,2026-06-14
gossiphealth.com,56,2,High Link Volume from Near-Zero Authority Domain,2024-07-15
thekeytoglutenfree.com,55,10,No Link-Level Sample - Unverified,2023-08-24
baskidunyasi.net,45,9,No Link-Level Sample - Unverified,2026-07-17
radianthealthbliss.com,43,2,"Newly-Seen Domain, Aggressive Link Velocity",2026-06-24
adventurerz.com,42,12,No Link-Level Sample - Unverified,2025-03-09
nootrimens.com,41,2,No Link-Level Sample - Unverified,2025-03-23
storedetect.com,34,2,No Link-Level Sample - Unverified,2025-09-23
27.be,31,3,No Link-Level Sample - Unverified,2026-05-08
cataglow.com,31,2,No Link-Level Sample - Unverified,2025-09-08
leanbulking.com,31,11,No Link-Level Sample - Unverified,2025-02-20
internetresearchunit.com,30,19,No Link-Level Sample - Unverified,2025-04-27
zenithwithin.com,27,4,No Link-Level Sample - Unverified,2025-05-29
narcolepsylifeacademy.com,26,4,No Link-Level Sample - Unverified,2025-04-15
instantelhydraulics.com,25,8,No Link-Level Sample - Unverified,2026-02-25
spotmebro.com,25,18,No Link-Level Sample - Unverified,2025-03-20
vitad.org,24,7,No Link-Level Sample - Unverified,2025-07-25
ecomscout.com,23,15,No Link-Level Sample - Unverified,2026-02-09
thetastefullife.com,23,4,Hosting Cluster - Verify Ownership,2024-03-21
yourinception.com,22,19,No Link-Level Sample - Unverified,2024-01-30
duckduckgo.github.io,21,15,No Link-Level Sample - Unverified,2024-07-17
musicareview.com,21,2,No Link-Level Sample - Unverified,2023-05-20
aidevi.com,20,9,No Link-Level Sample - Unverified,2025-07-13
pages10.com,19,6,No Link-Level Sample - Unverified,2025-08-25
blog-eye.com,18,6,No Link-Level Sample - Unverified,2025-10-24
blogdemls.com,18,6,No Link-Level Sample - Unverified,2025-10-16
blogdosaga.com,18,6,No Link-Level Sample - Unverified,2025-10-18
bloggadores.com,18,15,No Link-Level Sample - Unverified,2025-08-23
bloggin-ads.com,18,14,No Link-Level Sample - Unverified,2025-10-27
blogolenta.com,18,6,No Link-Level Sample - Unverified,2025-10-10
blogoscience.com,18,6,No Link-Level Sample - Unverified,2025-10-15
blogproducer.com,18,6,No Link-Level Sample - Unverified,2025-10-10
blogsvirals.com,18,6,No Link-Level Sample - Unverified,2025-12-16
bloguetechno.com,18,16,No Link-Level Sample - Unverified,2025-10-11
creacionblog.com,18,17,No Link-Level Sample - Unverified,2025-09-18
develop-blog.com,18,7,No Link-Level Sample - Unverified,2025-11-03
digitollblog.com,18,6,No Link-Level Sample - Unverified,2025-10-17
fatlotofgood.com.au,18,5,No Link-Level Sample - Unverified,2024-08-22
lockinfuel.com,18,9,No Link-Level Sample - Unverified,2026-07-21
meghanbell.com,18,6,No Link-Level Sample - Unverified,2024-09-20
newsbloger.com,18,6,No Link-Level Sample - Unverified,2025-08-23
nhdtlogs.com,18,6,No Link-Level Sample - Unverified,2026-06-23
popup-blog.com,18,6,No Link-Level Sample - Unverified,2025-10-28
snack-blog.com,18,6,No Link-Level Sample - Unverified,2025-10-08
theaffiliateslist.com,18,5,No Link-Level Sample - Unverified,2025-01-27
thenerdsblog.com,18,6,No Link-Level Sample - Unverified,2025-08-25
triggeryourtrip.com,18,14,No Link-Level Sample - Unverified,2025-03-16
blazingblog.com,17,6,No Link-Level Sample - Unverified,2025-08-26
bloggactivo.com,17,16,No Link-Level Sample - Unverified,2025-10-04
blogitright.com,17,7,No Link-Level Sample - Unverified,2025-10-07
blogsmine.com,17,6,No Link-Level Sample - Unverified,2025-10-06
blogsuperapp.com,17,6,No Link-Level Sample - Unverified,2025-08-26
blogunok.com,17,6,No Link-Level Sample - Unverified,2025-10-06
bluecantera.com,17,2,No Link-Level Sample - Unverified,2026-03-06
dryeyeandme.co.uk,17,9,No Link-Level Sample - Unverified,2025-05-20
fare-blog.com,17,6,No Link-Level Sample - Unverified,2025-11-04
madmouseblog.com,17,15,No Link-Level Sample - Unverified,2025-08-25
newbigblog.com,17,6,No Link-Level Sample - Unverified,2025-10-09
spintheblog.com,17,6,No Link-Level Sample - Unverified,2025-08-25
blogpostie.com,16,6,No Link-Level Sample - Unverified,2025-10-07
ssnblog.com,16,15,No Link-Level Sample - Unverified,2026-05-22
wssblogs.com,16,6,No Link-Level Sample - Unverified,2025-11-02
anchor-blog.com,15,6,No Link-Level Sample - Unverified,2025-08-25
blogginaway.com,15,6,No Link-Level Sample - Unverified,2025-10-09
educationalimpactblog.com,15,6,No Link-Level Sample - Unverified,2025-12-30
globalecommerce.org,15,3,No Link-Level Sample - Unverified,2025-12-12
goodpainrelief.com,15,2,No Link-Level Sample - Unverified,2026-05-02
nootropicblend.com,15,6,Hosting Cluster - Verify Ownership,2025-01-27
takeroon.com,15,12,No Link-Level Sample - Unverified,2026-05-08
ttblogs.com,15,6,No Link-Level Sample - Unverified,2025-08-24
wants.cfd,15,3,"Spam-Associated TLD, Near-Zero Authority",2025-12-09
arparquets.it,14,6,No Link-Level Sample - Unverified,2026-07-17
reneebovet.co,14,1,No Link-Level Sample - Unverified,2026-07-10
skinnyyoked.com,14,15,Hosting Cluster - Verify Ownership,2025-01-23
thekatyblog.com,14,6,No Link-Level Sample - Unverified,2026-04-15
60andover.net,13,2,No Link-Level Sample - Unverified,2025-12-22
affiliatedataset.com,13,2,No Link-Level Sample - Unverified,2026-07-29
bluxeblog.com,13,6,No Link-Level Sample - Unverified,2025-12-11
braintropic.com,13,19,Hosting Cluster - Verify Ownership,2025-01-26
newdirect.net,13,2,No Link-Level Sample - Unverified,2025-01-29
read.org.in,13,2,Hosting Cluster - Verify Ownership,2026-01-01
rics-foundation.org,13,14,No Link-Level Sample - Unverified,2023-09-08
way2check.cv,13,3,Hosting Cluster - Verify Ownership,2026-01-17
955x.com,12,5,No Link-Level Sample - Unverified,2025-07-09
eastphoenixau.com,12,2,No Link-Level Sample - Unverified,2025-02-06
newsblogsports.site,12,2,"Spam-Associated TLD, Near-Zero Authority",2026-04-20
top10supps.com,12,12,No Link-Level Sample - Unverified,2025-03-14
ultimateforceschallenge.com,12,2,No Link-Level Sample - Unverified,2024-10-07
dgbloggers.com,11,6,No Link-Level Sample - Unverified,2025-12-05
entrenamientoseguro.com,11,2,No Link-Level Sample - Unverified,2025-03-04
ivasdesign.com,11,6,No Link-Level Sample - Unverified,2026-05-29
no1gevity.com,11,0,No Link-Level Sample - Unverified,2026-08-12
sproutnews.com,11,5,No Link-Level Sample - Unverified,2025-01-24
aboutyoublog.com,10,6,No Link-Level Sample - Unverified,2025-12-12
altgng.com,10,2,No Link-Level Sample - Unverified,2026-08-08
blogars.com,10,6,No Link-Level Sample - Unverified,2025-12-12
blogdomago.com,10,6,No Link-Level Sample - Unverified,2025-12-18
booksreadr.org,10,4,No Link-Level Sample - Unverified,2025-12-11
interestingfacts.org,10,5,No Link-Level Sample - Unverified,2025-02-01
iyublog.com,10,6,No Link-Level Sample - Unverified,2025-10-17
kellyfriesen.ca,10,2,No Link-Level Sample - Unverified,2024-09-01
musweb.org,10,2,No Link-Level Sample - Unverified,2026-01-12
pudhe.com,10,2,No Link-Level Sample - Unverified,2026-01-06
ready.pro,10,4,No Link-Level Sample - Unverified,2026-02-03
scentses4d.wordpress.com,10,2,No Link-Level Sample - Unverified,2025-05-29
windowssearch-exp.com,10,5,No Link-Level Sample - Unverified,2025-07-30
cctvss1004.com,9,5,No Link-Level Sample - Unverified,2025-06-27
ectobulk.com,9,0,No Link-Level Sample - Unverified,2026-08-06
fuelstackr.com,9,2,No Link-Level Sample - Unverified,2025-03-26
lunoo.com,9,2,No Link-Level Sample - Unverified,2026-03-17
nootropicos.life,9,2,"Spam-Associated TLD, Near-Zero Authority",2025-03-13
shopiscout.com,9,2,No Link-Level Sample - Unverified,2026-07-04
veganfitguide.com,9,3,Hosting Cluster - Verify Ownership,2025-05-31
xcfnyzte.com,9,2,No Link-Level Sample - Unverified,2025-02-03
2x9.co,8,2,Hosting Cluster - Verify Ownership,2025-12-06
aferg.co,8,2,No Link-Level Sample - Unverified,2024-10-11
btcpods.xyz,8,2,"Spam-Associated TLD, Near-Zero Authority",2026-08-21
ggpartnersconsortium.com,8,2,No Link-Level Sample - Unverified,2026-03-16
karlsformula.com,8,2,No Link-Level Sample - Unverified,2026-02-08
metabengsci.com,8,2,No Link-Level Sample - Unverified,2026-04-01
morerss.com,8,2,No Link-Level Sample - Unverified,2026-01-23
septicsol.net,8,2,No Link-Level Sample - Unverified,2026-02-24
analyticshaven.top,7,6,Hosting Cluster - Verify Ownership,2026-02-22
byteshort.xyz,7,6,Hosting Cluster - Verify Ownership,2026-04-25
datadrivenpick.com,7,2,No Link-Level Sample - Unverified,2026-06-15
dtcx.com,7,2,No Link-Level Sample - Unverified,2024-09-05
hypecheck.io,7,2,No Link-Level Sample - Unverified,2026-04-28
takes.homes,7,2,No Link-Level Sample - Unverified,2026-01-10
caffeine-alternatives.com,6,2,No Link-Level Sample - Unverified,2025-08-28
cidadetoda.com.br,6,2,No Link-Level Sample - Unverified,2026-02-22
cogniscore.co.uk,6,2,No Link-Level Sample - Unverified,2026-06-30
creativeposts.top,6,6,Hosting Cluster - Verify Ownership,2026-03-08
drugs-forum.org,6,2,No Link-Level Sample - Unverified,2025-05-27
ecommercebenchmarking.com,6,2,Hosting Cluster - Verify Ownership,2026-03-14
gaidot.net,6,2,No Link-Level Sample - Unverified,2026-02-25
hitrohealth.com,6,2,Hosting Cluster - Verify Ownership,2025-10-17
mylymphomachannel.com,6,2,Hosting Cluster - Verify Ownership,2025-10-08
onlyboosts.social,6,2,No Link-Level Sample - Unverified,2026-08-09
premworld.online,6,2,"Spam-Associated TLD, Near-Zero Authority",2026-06-21
quero.party,6,6,Hosting Cluster - Verify Ownership,2026-01-29
seol.store,6,2,No Link-Level Sample - Unverified,2026-01-30
slimmingandyou.com,6,3,Hosting Cluster - Verify Ownership,2023-04-23
thetarotalk.com,6,2,No Link-Level Sample - Unverified,2026-03-23
vitaetapestry.com,6,2,No Link-Level Sample - Unverified,2025-07-31
500fitness.com,5,5,Hosting Cluster - Verify Ownership,2024-03-09
5913231.cc,5,0,Hosting Cluster - Verify Ownership,2025-12-26
atleetzone.com,5,2,No Link-Level Sample - Unverified,2025-05-20
automaned.com,5,2,No Link-Level Sample - Unverified,2026-02-24
best4you.info,5,2,No Link-Level Sample - Unverified,2025-07-27
blogsphere.top,5,6,Hosting Cluster - Verify Ownership,2026-02-13
businessvocal.com,5,2,No Link-Level Sample - Unverified,2025-05-01
bye.fyi,5,21,Hosting Cluster - Verify Ownership,2026-02-23
chronotherapeutics.org,5,5,Hosting Cluster - Verify Ownership,2024-07-14
decoupage-paper.com,5,2,No Link-Level Sample - Unverified,2026-05-10
drjack.world,5,6,Hosting Cluster - Verify Ownership,2026-03-19
grindhousemhttn.com,5,11,No Link-Level Sample - Unverified,2026-05-13
joyrney.com,5,2,No Link-Level Sample - Unverified,2026-03-11
losmejoressuplementos.es,5,2,No Link-Level Sample - Unverified,2025-04-08
manufacturerusa.com,5,2,No Link-Level Sample - Unverified,2025-01-24
pennywisestudent.com,5,2,No Link-Level Sample - Unverified,2026-05-11
rugbynewsbeast.com,5,2,Hosting Cluster - Verify Ownership,2026-02-01
skipthefish.com,5,2,No Link-Level Sample - Unverified,2026-05-11
thecloudherald.com,5,2,No Link-Level Sample - Unverified,2025-03-08
wellife.org,5,5,Hosting Cluster - Verify Ownership,2023-10-16
911auto.it,4,17,No Link-Level Sample - Unverified,2026-01-23
anchorurl.cloud,4,5,Hosting Cluster - Verify Ownership,2026-05-06
christhoma.com,4,2,Hosting Cluster - Verify Ownership,2025-01-24
dailymusings.top,4,6,Hosting Cluster - Verify Ownership,2026-02-09
dapago.net,4,2,No Link-Level Sample - Unverified,2026-04-24
domraider.eu.com,4,0,No Link-Level Sample - Unverified,2026-08-11
domraider.gb.net,4,0,No Link-Level Sample - Unverified,2026-08-10
domraider.it.com,4,0,No Link-Level Sample - Unverified,2026-08-16
fi38.com,4,2,No Link-Level Sample - Unverified,2025-06-02
kingranks.com,4,6,No Link-Level Sample - Unverified,2025-03-28
leebell.co.uk,4,2,No Link-Level Sample - Unverified,2025-06-11
optimizeflow.top,4,6,Hosting Cluster - Verify Ownership,2026-03-13
pattern-aegis.live,4,2,No Link-Level Sample - Unverified,2026-05-26
producthubspot.com,4,2,No Link-Level Sample - Unverified,2025-01-27
pullulan.net,4,2,No Link-Level Sample - Unverified,2025-08-15
revaliew.com,4,2,No Link-Level Sample - Unverified,2025-09-29
screenshots.wiki,4,6,Hosting Cluster - Verify Ownership,2026-03-28
skylinkseo.site,4,4,"Spam-Associated TLD, Near-Zero Authority",2025-11-15
slimmingandco.com,4,3,Hosting Cluster - Verify Ownership,2024-01-09
supermushrooms.co.uk,4,2,No Link-Level Sample - Unverified,2026-08-15
supplementlifestyle.com,4,5,Hosting Cluster - Verify Ownership,2025-02-10
tetrapod.beauty,4,2,"Spam-Associated TLD, Near-Zero Authority",2026-04-30
usanutritionist.com,4,4,Hosting Cluster - Verify Ownership,2023-09-22
websites.freemyip.com,4,5,Hosting Cluster - Verify Ownership,2026-01-28
weightlossandco.com,4,2,Hosting Cluster - Verify Ownership,2024-03-08
wlghconferences.org,4,6,No Link-Level Sample - Unverified,2025-05-10
a1housingservicesltd.co.uk,3,2,No Link-Level Sample - Unverified,2026-07-29
academicsongs.com,3,2,No Link-Level Sample - Unverified,2022-12-18
aevascience.pics,3,0,No Link-Level Sample - Unverified,2026-06-08
algolinkers.com,3,2,No Link-Level Sample - Unverified,2025-06-13
atomizelink.icu,3,5,Hosting Cluster - Verify Ownership,2025-12-02
axisholistic.rest,3,2,"Spam-Associated TLD, Near-Zero Authority",2026-06-08
batizens.vn,3,2,No Link-Level Sample - Unverified,2026-02-26
bnksp.org,3,6,No Link-Level Sample - Unverified,2026-02-25
bodybalancequest.com,3,2,No Link-Level Sample - Unverified,2026-04-25
crazypeople.online,3,5,"Spam-Associated TLD, Near-Zero Authority",2026-02-20
dailyrestora.study,3,2,No Link-Level Sample - Unverified,2026-06-05
elegantfreelancers.com,3,2,No Link-Level Sample - Unverified,2026-07-08
elevationtrekker.com,3,2,No Link-Level Sample - Unverified,2026-06-11
fatburnerranked.com,3,0,No Link-Level Sample - Unverified,2026-04-24
fredmehry.com,3,2,No Link-Level Sample - Unverified,2024-04-03
french-styles.com,3,2,No Link-Level Sample - Unverified,2025-10-14
getbrainboost.xyz,3,2,"Spam-Associated TLD, Near-Zero Authority",2025-10-03
herbsmedicine.net,3,2,No Link-Level Sample - Unverified,2026-01-31
hlhw.fun,3,2,"Spam-Associated TLD, Near-Zero Authority",2026-04-17
info-welt.com,3,2,No Link-Level Sample - Unverified,2025-02-07
jake.eu,3,6,Hosting Cluster - Verify Ownership,2026-02-07
kurahorizon.sbs,3,0,"Spam-Associated TLD, Near-Zero Authority",2026-06-07
kurapulse.space,3,2,"Spam-Associated TLD, Near-Zero Authority",2026-06-07
lebazzar-demadous.site,3,2,"Spam-Associated TLD, Near-Zero Authority",2026-02-26
lenz.io,3,2,No Link-Level Sample - Unverified,2026-04-16
lifestylebycata.com,3,2,No Link-Level Sample - Unverified,2025-05-14
luftsi.info,3,2,No Link-Level Sample - Unverified,2025-07-18
metamagic.top,3,5,Hosting Cluster - Verify Ownership,2026-02-26
modernatucasa.com,3,2,No Link-Level Sample - Unverified,2026-01-01
moduspax.website,3,2,"Spam-Associated TLD, Near-Zero Authority",2026-06-07
myfastingbuddy.com,3,2,No Link-Level Sample - Unverified,2025-11-12
olimposs.com,3,2,No Link-Level Sample - Unverified,2026-03-16
prismcrafts.xyz,3,2,"Spam-Associated TLD, Near-Zero Authority",2026-06-08
pureminerals.uk,3,2,No Link-Level Sample - Unverified,2026-03-07
researchedsupplements.com,3,10,Hosting Cluster - Verify Ownership,2025-07-07
scienceonestop.com,3,4,Hosting Cluster - Verify Ownership,2025-06-21
seriouslifemagazine.com,3,5,Hosting Cluster - Verify Ownership,2025-03-03
shortenurls.eu,3,6,Hosting Cluster - Verify Ownership,2026-07-07
sk-its.ru,3,2,No Link-Level Sample - Unverified,2026-02-03
smartparentresources.org,3,2,No Link-Level Sample - Unverified,2025-12-08
soma-analytics.com,3,27,Hosting Cluster - Verify Ownership,2025-02-05
steadythroughchange.com,3,0,No Link-Level Sample - Unverified,2026-08-22
summercenter.store,3,2,No Link-Level Sample - Unverified,2026-06-22
summersworl.online,3,2,"Spam-Associated TLD, Near-Zero Authority",2026-06-21
supplementnatural.com,3,5,Hosting Cluster - Verify Ownership,2024-12-23
thrivelongnaturally.com,3,2,No Link-Level Sample - Unverified,2025-08-23
vedaflow.online,3,2,"Spam-Associated TLD, Near-Zero Authority",2026-06-09
vivaesthetique.com,3,2,No Link-Level Sample - Unverified,2026-03-04
vividlypulse.lifestyle,3,2,No Link-Level Sample - Unverified,2026-06-07
vividlypulse.living,3,2,No Link-Level Sample - Unverified,2026-06-07
vividlypulse.xyz,3,2,"Spam-Associated TLD, Near-Zero Authority",2026-06-08
whatisglutathione.net,3,2,No Link-Level Sample - Unverified,2025-11-09
worldworthliving.com,3,2,No Link-Level Sample - Unverified,2025-03-17
yellos.online,3,2,"Spam-Associated TLD, Near-Zero Authority",2026-07-10
zenoppa.site,3,2,"Spam-Associated TLD, Near-Zero Authority",2026-06-05
agelessstride.com,2,2,No Link-Level Sample - Unverified,2026-05-02
chiromed.org,2,5,Hosting Cluster - Verify Ownership,2024-11-09
chordmp3.net,2,5,No Link-Level Sample - Unverified,2026-08-10
fletcherrld.com,2,2,No Link-Level Sample - Unverified,2026-08-09
greengurunutrition.com,2,2,Hosting Cluster - Verify Ownership,2025-10-30
gymshock.com,2,7,Hosting Cluster - Verify Ownership,2026-02-20
healthsupportcenter.org,2,5,Hosting Cluster - Verify Ownership,2024-07-06
hmscicomms.com,2,2,No Link-Level Sample - Unverified,2026-03-14
hwnerds.com,2,6,No Link-Level Sample - Unverified,2026-06-09
jsrproductions.com,2,2,No Link-Level Sample - Unverified,2025-12-18
medtep.com,2,5,Hosting Cluster - Verify Ownership,2024-08-02
muzcle.com,2,10,Hosting Cluster - Verify Ownership,2026-02-03
mybodyweightexercises.com,2,9,Hosting Cluster - Verify Ownership,2025-03-17
namepromo.online,2,0,"Spam-Associated TLD, Near-Zero Authority",2026-06-20
onlinehealthstore.org,2,5,Hosting Cluster - Verify Ownership,2025-02-08
organicavenue.com,2,16,Hosting Cluster - Verify Ownership,2025-04-10
scrollstash.com,2,17,No Link-Level Sample - Unverified,2026-02-10
seomuda.id,2,3,No Link-Level Sample - Unverified,2026-03-31
slipshq.com,2,2,No Link-Level Sample - Unverified,2026-02-15
southfwb.com,2,12,No Link-Level Sample - Unverified,2026-08-07
streamseo.com,2,15,No Link-Level Sample - Unverified,2025-03-16
supplementguides.com,2,4,Hosting Cluster - Verify Ownership,2025-05-21
travelerschronicle.com,2,2,No Link-Level Sample - Unverified,2024-09-14
wayranks.com,2,6,No Link-Level Sample - Unverified,2025-04-30
worldboxe.online,2,0,"Spam-Associated TLD, Near-Zero Authority",2026-06-21
yourboxe.online,2,0,"Spam-Associated TLD, Near-Zero Authority",2026-06-22
yourcenter.online,2,0,"Spam-Associated TLD, Near-Zero Authority",2026-06-24
2022topranked.com,1,4,No Link-Level Sample - Unverified,2025-05-04
3alamalafkar.online,1,0,"Spam-Associated TLD, Near-Zero Authority",2026-05-15
9363.in,1,2,No Link-Level Sample - Unverified,2026-05-11
alphapowershop.online,1,2,"Spam-Associated TLD, Near-Zero Authority",2026-05-27
ashthdhatu.com,1,2,No Link-Level Sample - Unverified,2025-03-28
berlin-immobilien-verkaufen.de,1,6,No Link-Level Sample - Unverified,2026-06-08
blkgrn.mom,1,2,No Link-Level Sample - Unverified,2026-06-24
buzzshrink.website,1,6,Hosting Cluster - Verify Ownership,2026-07-29
cfshelp.info,1,5,No Link-Level Sample - Unverified,2025-05-22
chin-thai-restaurant-brackenheim.de,1,9,No Link-Level Sample - Unverified,2026-01-19
cloakist.site,1,13,No Link-Level Sample - Unverified,2026-01-10
debsllc.org,1,11,No Link-Level Sample - Unverified,2025-05-29
dlar.online,1,2,"Spam-Associated TLD, Near-Zero Authority",2026-08-02
entiredomains.space,1,2,"Spam-Associated TLD, Near-Zero Authority",2025-11-09
entrepreneurnut.com,1,15,Hosting Cluster - Verify Ownership,2025-03-28
eternellehealth.com,1,7,Hosting Cluster - Verify Ownership,2026-01-22
exerciserx.net,1,5,Hosting Cluster - Verify Ownership,2025-04-17
franklamsheung.com,1,2,Hosting Cluster - Verify Ownership,2025-11-03
fuelcell101.com,1,2,No Link-Level Sample - Unverified,2026-08-01
futurefood.website,1,2,"Spam-Associated TLD, Near-Zero Authority",2026-03-21
gldnroot.com,1,17,No Link-Level Sample - Unverified,2025-06-03
hau.xyz,1,15,No Link-Level Sample - Unverified,2026-04-17
healthyrex.com,1,5,Hosting Cluster - Verify Ownership,2025-02-13
hyroxy.com,1,15,Hosting Cluster - Verify Ownership,2025-04-07
jeffjsnider.com,1,2,No Link-Level Sample - Unverified,2026-02-12
jvnps.com,1,2,No Link-Level Sample - Unverified,2025-10-01
kajol.pw,1,2,"Spam-Associated TLD, Near-Zero Authority",2025-11-04
kitchprep.com,1,6,No Link-Level Sample - Unverified,2026-07-01
klclick2.com,1,6,No Link-Level Sample - Unverified,2025-11-03
lifttilyadie.com,1,5,Hosting Cluster - Verify Ownership,2025-11-02
linkscrawl.com,1,6,No Link-Level Sample - Unverified,2025-05-20
list.show,1,4,Hosting Cluster - Verify Ownership,2026-02-09
mohini.pw,1,2,"Spam-Associated TLD, Near-Zero Authority",2025-06-13
moscowtimes.top,1,4,"Spam-Associated TLD, Near-Zero Authority",2026-02-03
multiranks.com,1,5,No Link-Level Sample - Unverified,2025-06-14
packages.pw,1,2,"Spam-Associated TLD, Near-Zero Authority",2025-04-03
peaknootropics.com,1,5,Hosting Cluster - Verify Ownership,2025-02-06
praxisdrmedpschierer-vilsbiburg.de,1,7,No Link-Level Sample - Unverified,2025-12-27
pro-one-trans.com,1,7,Hosting Cluster - Verify Ownership,2025-09-20
promptmetrics.xyz,1,2,"Spam-Associated TLD, Near-Zero Authority",2026-04-03
pspfrench.com,1,7,No Link-Level Sample - Unverified,2025-03-22
smgf.org,1,17,Hosting Cluster - Verify Ownership,2025-02-18
sustainhealthcare.org,1,5,Hosting Cluster - Verify Ownership,2025-04-26
thehealthysupps.com,1,4,Hosting Cluster - Verify Ownership,2025-10-09
theindex.work,1,3,"Spam-Associated TLD, Near-Zero Authority",2025-01-15
true2form.life,1,2,"Spam-Associated TLD, Near-Zero Authority",2024-06-10
unlimited.pw,1,2,"Spam-Associated TLD, Near-Zero Authority",2026-05-17
urls-shortener.eu,1,5,Hosting Cluster - Verify Ownership,2026-08-13
vibranthappyhealthy.com,1,9,Hosting Cluster - Verify Ownership,2025-05-18
vpanprint.com,1,2,Hosting Cluster - Verify Ownership,2026-01-10
walshskitchen.com,1,2,No Link-Level Sample - Unverified,2026-02-03
worldwideranks.com,1,5,No Link-Level Sample - Unverified,2026-01-21
zephrcf.com,1,2,No Link-Level Sample - Unverified,2026-03-26
한국사이버신학대학교.kr,1,3,No Link-Level Sample - Unverified,2026-01-23
