Referring Domain / URL,Target URL,Anchor Text,Anchor Type,Action Recommendation,Primary Risk Factor,Confidence Score,Referring Domain,Page AScore,External Links,Nofollow,Sponsored,Sitewide,Lost Link,First Seen,Last Seen
https://graysonyfde952063.activoblog.com/43323193/unveiling-the-power-of-fish-oil-supplements-omega-3-benefits-for-optimal-health,https://www.performancelab.com/?a_aid=68990cbe508aa&a_bid=a2ad38c1,get more info,Phrasing,DISAVOW,Vendor Blog Network (Spun-Content PBN),High,activoblog.com,6,2,false,false,false,true,2025-10-15,2026-03-25
https://aliciaudib453245.activoblog.com/43648486/unlocking-the-power-of-fish-oil-supplements-omega-3-benefits-for-optimal-health,https://www.performancelab.com/?a_aid=68990cbe508aa&a_bid=a2ad38c1,get more info,Phrasing,DISAVOW,Vendor Blog Network (Spun-Content PBN),High,activoblog.com,5,4,false,false,false,false,2025-09-19,2026-07-14
https://elijahpcqm636218.activoblog.com/42865164/harnessing-the-power-of-fish-oil-supplements-omega-3-benefits-for-optimal-health,https://www.performancelab.com/?a_aid=68990cbe508aa&a_bid=a2ad38c1,website,CTA/Generic,DISAVOW,Vendor Blog Network (Spun-Content PBN),High,activoblog.com,4,4,false,false,false,false,2025-08-30,2026-07-13
https://antonttei163051.activoblog.com/42755026/unlock-your-cognitive-potential-purchase-nutropic-supplements-online,https://www.performancelab.com/collections/all-products,Nutropic personalized nootropic stack,Phrasing,DISAVOW,Vendor Blog Network (Spun-Content PBN),High,activoblog.com,4,4,false,false,false,false,2025-09-12,2026-07-09
https://zayneicz501289.activoblog.com/43047056/unveiling-the-power-of-fish-oil-supplements-omega-3-benefits-for-optimal-health,https://www.performancelab.com/?a_aid=68990cbe508aa&a_bid=a2ad38c1,website,CTA/Generic,DISAVOW,Vendor Blog Network (Spun-Content PBN),High,activoblog.com,4,4,false,false,false,false,2025-09-02,2026-07-09
https://fanniekjoy642419.activosblog.com/36062909/harnessing-the-power-of-fish-oil-supplements-omega-3-benefits-for-optimal-health,https://www.performancelab.com/?a_aid=68990cbe508aa&a_bid=a2ad38c1,website,CTA/Generic,DISAVOW,Vendor Blog Network (Spun-Content PBN),High,activosblog.com,7,4,false,false,false,false,2025-09-20,2026-08-17
https://prestongtek734236.activosblog.com/36088328/unveiling-the-power-of-fish-oil-supplements-omega-3-benefits-for-optimal-health,https://www.performancelab.com/?a_aid=68990cbe508aa&a_bid=a2ad38c1,nootropics review,Phrasing,DISAVOW,Vendor Blog Network (Spun-Content PBN),High,activosblog.com,7,4,false,false,false,false,2025-09-20,2026-08-15
https://deborahwwks167290.activosblog.com/36117423/unveiling-the-power-of-fish-oil-supplements-omega-3-benefits-for-optimal-health,https://www.performancelab.com/?a_aid=68990cbe508aa&a_bid=a2ad38c1,more info,CTA/Generic,DISAVOW,Vendor Blog Network (Spun-Content PBN),High,activosblog.com,6,4,false,false,false,false,2025-09-19,2026-08-16
https://allenunsx393422.activosblog.com/35929376/unlocking-the-power-of-fish-oil-supplements-omega-3-benefits-for-optimal-health,https://www.performancelab.com/?a_aid=68990cbe508aa&a_bid=a2ad38c1,fish oil supplements,Phrasing,DISAVOW,Vendor Blog Network (Spun-Content PBN),High,activosblog.com,6,4,false,false,false,false,2025-09-18,2026-08-14
https://esmeeducr927159.activosblog.com/37439650/omega-3-benefits-cod-liver-oil-benefits-explained,https://www.performancelab.com/?a_aid=68990cbe508aa&a_bid=a2ad38c1,check here,Phrasing,DISAVOW,Vendor Blog Network (Spun-Content PBN),High,activosblog.com,5,4,false,false,false,false,2025-12-05,2026-08-12
https://lancewvgh771787.activosblog.com/36024499/unlocking-omega-3-s-power-the-benefits-of-fish-oil-supplements,https://www.performancelab.com/?a_aid=68990cbe508aa&a_bid=a2ad38c1,click here,CTA/Generic,DISAVOW,Vendor Blog Network (Spun-Content PBN),High,activosblog.com,5,4,false,false,false,false,2025-09-18,2026-08-14
https://lexieytmf056452.activosblog.com/36071202/unlock-your-cognitive-potential-buy-nutropic-supplements-online,https://www.performancelab.com/collections/all-products,more info,CTA/Generic,DISAVOW,Vendor Blog Network (Spun-Content PBN),High,activosblog.com,5,4,false,false,false,false,2025-09-18,2026-08-13
https://declanfsnk937928.activosblog.com/35760868/discovering-omega-3-power-how-fish-oil-supplements-benefit-you,https://www.performancelab.com/?a_aid=68990cbe508aa&a_bid=a2ad38c1,daily multivitamin,Phrasing,DISAVOW,Vendor Blog Network (Spun-Content PBN),High,activosblog.com,5,4,false,false,false,false,2025-09-19,2026-08-18
https://graysongtcj443406.activosblog.com/35835851/unlock-your-cognitive-potential-obtain-nutropic-supplements-online,https://www.performancelab.com/collections/all-products,check here,Phrasing,DISAVOW,Vendor Blog Network (Spun-Content PBN),High,activosblog.com,5,4,false,false,false,false,2025-09-18,2026-08-13
https://tiannabgdq324399.activosblog.com/35845238/unlocking-the-power-of-fish-oil-supplements-omega-3-benefits-for-optimal-health,https://www.performancelab.com/?a_aid=68990cbe508aa&a_bid=a2ad38c1,website,CTA/Generic,DISAVOW,Vendor Blog Network (Spun-Content PBN),High,activosblog.com,5,4,false,false,false,false,2025-09-19,2026-08-16
https://violawkpg887058.activosblog.com/35735023/unleashing-the-potential-of-omega-3s-the-advantages-of-fish-oil-supplements,https://www.performancelab.com/?a_aid=68990cbe508aa&a_bid=a2ad38c1,read more,CTA/Generic,DISAVOW,Vendor Blog Network (Spun-Content PBN),High,activosblog.com,5,4,false,false,false,false,2025-09-19,2026-08-15
https://zoechqz476454.activosblog.com/37438156/omega-3-strength-fish-oil-benefits-explained,https://www.performancelab.com/?a_aid=68990cbe508aa&a_bid=a2ad38c1,omega 3 capsules,Phrasing,DISAVOW,Vendor Blog Network (Spun-Content PBN),High,activosblog.com,5,4,false,false,false,false,2025-12-05,2026-08-10
https://donnagato885074.activosblog.com/36208049/unlocking-the-power-of-fish-oil-supplements-omega-3-benefits-for-optimal-health,https://www.performancelab.com/?a_aid=68990cbe508aa&a_bid=a2ad38c1,website,CTA/Generic,DISAVOW,Vendor Blog Network (Spun-Content PBN),High,activosblog.com,5,4,false,false,false,false,2025-09-19,2026-08-16
https://rajansdkz784775.activosblog.com/36006727/discovering-omega-3-power-how-fish-oil-supplements-benefit-you,https://www.performancelab.com/?a_aid=68990cbe508aa&a_bid=a2ad38c1,get more info,Phrasing,DISAVOW,Vendor Blog Network (Spun-Content PBN),High,activosblog.com,5,4,false,false,false,false,2025-09-19,2026-08-17
https://chiaracsqo742159.activosblog.com/35846616/unlock-your-cognitive-potential-obtain-nutropic-supplements-online,https://www.performancelab.com/collections/all-products,Buy Nutropic cognitive enhancer supplements online for focus and memory,Exact/Commercial,DISAVOW,Vendor Blog Network (Spun-Content PBN),High,activosblog.com,5,4,false,false,false,false,2025-09-01,2026-08-07
https://graysonloxv567049.activosblog.com/37281923/omega-3-power-cod-liver-oil-benefits-explained,https://www.performancelab.com/?a_aid=68990cbe508aa&a_bid=a2ad38c1,click here,CTA/Generic,DISAVOW,Vendor Blog Network (Spun-Content PBN),High,activosblog.com,5,4,false,false,false,false,2025-11-25,2026-08-04
https://kobiirsl958752.activosblog.com/35789079/unlock-your-cognitive-potential-buy-nutropic-supplements-online,https://www.performancelab.com/collections/all-products,Best natural nootropic supplement 2025,Exact/Commercial,DISAVOW,Vendor Blog Network (Spun-Content PBN),High,activosblog.com,5,4,false,false,false,false,2025-09-19,2026-08-05
https://albiebggt351038.activosblog.com/37374679/omega-3-power-fish-oil-benefits-explained,https://www.performancelab.com/?a_aid=68990cbe508aa&a_bid=a2ad38c1,organic supplements,Phrasing,DISAVOW,Vendor Blog Network (Spun-Content PBN),High,activosblog.com,5,4,false,false,false,false,2025-12-01,2026-08-08
https://nicolemwis683681.amoblog.com/unveiling-the-power-of-fish-oil-supplements-omega-3-benefits-for-optimal-health-58944116,https://www.performancelab.com/?a_aid=68990cbe508aa&a_bid=a2ad38c1,website,CTA/Generic,DISAVOW,Vendor Blog Network (Spun-Content PBN),High,amoblog.com,4,2,false,false,false,false,2025-09-03,2026-08-21
https://gregoryuoqm809713.ampblogs.com/harnessing-the-power-of-fish-oil-supplements-omega-3-benefits-for-optimal-health-74022638,https://www.performancelab.com/?a_aid=68990cbe508aa&a_bid=a2ad38c1,vitamin supplements,Phrasing,DISAVOW,Vendor Blog Network (Spun-Content PBN),High,ampblogs.com,4,2,false,false,false,false,2025-09-12,2026-08-08
https://idaueex282330.bligblogging.com/37999373/unlocking-the-power-of-fish-oil-supplements-omega-3-benefits-for-optimal-health,https://www.performancelab.com/?a_aid=68990cbe508aa&a_bid=a2ad38c1,check here,Phrasing,DISAVOW,Vendor Blog Network (Spun-Content PBN),High,bligblogging.com,20,4,false,false,false,false,2026-08-20,2026-08-20
https://brontehtfo100586.bligblogging.com/37974306/harnessing-the-power-of-fish-oil-supplements-omega-3-benefits-for-optimal-health,https://www.performancelab.com/?a_aid=68990cbe508aa&a_bid=a2ad38c1,here,CTA/Generic,DISAVOW,Vendor Blog Network (Spun-Content PBN),High,bligblogging.com,15,4,false,false,false,false,2026-08-22,2026-08-22
https://kallumigof622475.bligblogging.com/37758183/unlocking-the-power-of-fish-oil-supplements-omega-3-benefits-for-optimal-health,https://www.performancelab.com/?a_aid=68990cbe508aa&a_bid=a2ad38c1,read more,CTA/Generic,DISAVOW,Vendor Blog Network (Spun-Content PBN),High,bligblogging.com,15,4,false,false,false,false,2026-08-14,2026-08-22
https://bloatatt.blogspot.com/,https://www.performancelab.com/blogs/wellness,testolabpro.com,Phrasing,DISAVOW,Link Farm / Outbound-Link Bloat,High,bloatatt.blogspot.com,34,13512,true,false,false,false,2026-03-03,2026-08-22
https://jayyayr335961.blog-gold.com/49744972/harnessing-the-power-of-fish-oil-supplements-omega-3-benefits-for-optimal-health,https://www.performancelab.com/?a_aid=68990cbe508aa&a_bid=a2ad38c1,multivitamin for women,Phrasing,DISAVOW,Vendor Blog Network (Spun-Content PBN),High,blog-gold.com,7,4,false,false,false,false,2025-11-17,2026-07-11
https://liliantbyw400323.blog4youth.com/38036896/harnessing-the-power-of-fish-oil-supplements-omega-3-benefits-for-optimal-health,https://www.performancelab.com/?a_aid=68990cbe508aa&a_bid=a2ad38c1,website,CTA/Generic,DISAVOW,Vendor Blog Network (Spun-Content PBN),High,blog4youth.com,16,2,false,false,false,false,2026-02-09,2026-02-25
https://theolkoy698717.blog4youth.com/37938017/unlocking-the-power-of-fish-oil-supplements-omega-3-benefits-for-optimal-health,https://www.performancelab.com/?a_aid=68990cbe508aa&a_bid=a2ad38c1,get more info,Phrasing,DISAVOW,Vendor Blog Network (Spun-Content PBN),High,blog4youth.com,7,2,false,false,false,false,2026-01-29,2026-02-15
https://jeanrjck618072.blogadvize.com/45377853/unveiling-the-power-of-fish-oil-supplements-omega-3-benefits-for-optimal-health,https://www.performancelab.com/?a_aid=68990cbe508aa&a_bid=a2ad38c1,immune support supplements,Phrasing,DISAVOW,Vendor Blog Network (Spun-Content PBN),High,blogadvize.com,4,4,false,false,false,false,2026-03-18,2026-08-12
https://kobicpym784301.bloggazza.com/36057312/unlocking-the-power-of-fish-oil-supplements-omega-3-benefits-for-optimal-health,https://www.performancelab.com/?a_aid=68990cbe508aa&a_bid=a2ad38c1,website,CTA/Generic,DISAVOW,Vendor Blog Network (Spun-Content PBN),High,bloggazza.com,9,4,false,false,false,false,2025-09-02,2026-08-18
https://inesdjaf489862.bloggazza.com/36247090/unveiling-the-power-of-fish-oil-supplements-omega-3-benefits-for-optimal-health,https://www.performancelab.com/?a_aid=68990cbe508aa&a_bid=a2ad38c1,website,CTA/Generic,DISAVOW,Vendor Blog Network (Spun-Content PBN),High,bloggazza.com,8,4,false,false,false,false,2025-09-14,2026-08-09
https://jayzswk266851.bloggazza.com/35972373/harnessing-the-power-of-fish-oil-supplements-omega-3-benefits-for-optimal-health,https://www.performancelab.com/?a_aid=68990cbe508aa&a_bid=a2ad38c1,click here,CTA/Generic,DISAVOW,Vendor Blog Network (Spun-Content PBN),High,bloggazza.com,8,4,false,false,false,false,2025-08-27,2026-08-12
https://vinnywkbm108521.bloggazza.com/36135432/discovering-omega-3-power-how-fish-oil-supplements-benefit-you,https://www.performancelab.com/?a_aid=68990cbe508aa&a_bid=a2ad38c1,check here,Phrasing,DISAVOW,Vendor Blog Network (Spun-Content PBN),High,bloggazza.com,8,4,false,false,false,false,2025-09-05,2026-08-21
https://haseebnvfc170223.bloggazza.com/36339027/harnessing-the-power-of-fish-oil-supplements-omega-3-benefits-for-optimal-health,https://www.performancelab.com/?a_aid=68990cbe508aa&a_bid=a2ad38c1,more info,CTA/Generic,DISAVOW,Vendor Blog Network (Spun-Content PBN),High,bloggazza.com,8,4,false,false,false,false,2025-09-19,2026-08-14
https://heathygro235377.bloggazza.com/35861286/unleashing-the-potential-of-omega-3s-the-advantages-of-fish-oil-supplements,https://www.performancelab.com/?a_aid=68990cbe508aa&a_bid=a2ad38c1,get more info,Phrasing,DISAVOW,Vendor Blog Network (Spun-Content PBN),High,bloggazza.com,8,4,false,false,false,false,2025-08-24,2026-08-10
https://jeanoxoc769338.bloggazza.com/35962897/unlock-your-cognitive-potential-purchase-nutropic-supplements-online,https://www.performancelab.com/collections/all-products,Nutropic personalized nootropic stack,Phrasing,DISAVOW,Vendor Blog Network (Spun-Content PBN),High,bloggazza.com,8,4,false,false,false,false,2025-08-27,2026-08-13
https://macievwro868468.bloggazza.com/37572142/omega-3-power-cod-liver-oil-benefits-explained,https://www.performancelab.com/?a_aid=68990cbe508aa&a_bid=a2ad38c1,immune support supplements,Phrasing,DISAVOW,Vendor Blog Network (Spun-Content PBN),High,bloggazza.com,8,4,false,false,false,false,2025-12-04,2026-08-10
https://ronaldndyb891657.bloggazza.com/35973736/unlock-your-cognitive-potential-obtain-nutropic-supplements-online,https://www.performancelab.com/collections/all-products,click here,CTA/Generic,DISAVOW,Vendor Blog Network (Spun-Content PBN),High,bloggazza.com,8,4,false,false,false,false,2025-08-27,2026-08-12
https://graysontefg495999.bloggazza.com/37570656/omega-3-strength-cod-liver-oil-benefits-explained,https://www.performancelab.com/?a_aid=68990cbe508aa&a_bid=a2ad38c1,click here,CTA/Generic,DISAVOW,Vendor Blog Network (Spun-Content PBN),High,bloggazza.com,8,4,false,false,false,false,2025-12-04,2026-08-10
https://ammarhjmb253087.bloggazza.com/37414093/omega-3-power-cod-liver-oil-benefits-explained,https://www.performancelab.com/?a_aid=68990cbe508aa&a_bid=a2ad38c1,get more info,Phrasing,DISAVOW,Vendor Blog Network (Spun-Content PBN),High,bloggazza.com,8,4,false,false,false,false,2025-11-24,2026-08-09
https://kianadyfh386398.bloggazza.com/36192078/harnessing-the-power-of-fish-oil-supplements-omega-3-benefits-for-optimal-health,https://www.performancelab.com/?a_aid=68990cbe508aa&a_bid=a2ad38c1,click here,CTA/Generic,DISAVOW,Vendor Blog Network (Spun-Content PBN),High,bloggazza.com,8,4,false,false,false,false,2025-09-10,2026-08-06
https://denislxte069081.bloggazza.com/36153115/unlocking-omega-3-s-power-the-benefits-of-fish-oil-supplements,https://www.performancelab.com/?a_aid=68990cbe508aa&a_bid=a2ad38c1,read more,CTA/Generic,DISAVOW,Vendor Blog Network (Spun-Content PBN),High,bloggazza.com,8,4,false,false,false,false,2025-09-08,2026-08-04
https://georgiapsoj598515.bloggazza.com/37506811/omega-3-benefits-marine-oil-benefits-explained,https://www.performancelab.com/?a_aid=68990cbe508aa&a_bid=a2ad38c1,energy supplements,Phrasing,DISAVOW,Vendor Blog Network (Spun-Content PBN),High,bloggazza.com,8,4,false,false,false,false,2025-11-30,2026-08-05
https://geraldgiox029912.bloggazza.com/36217762/unlocking-the-power-of-fish-oil-supplements-omega-3-benefits-for-optimal-health,https://www.performancelab.com/?a_aid=68990cbe508aa&a_bid=a2ad38c1,more info,CTA/Generic,DISAVOW,Vendor Blog Network (Spun-Content PBN),High,bloggazza.com,8,4,false,false,false,false,2025-09-11,2026-08-06
https://laraevgl287952.bloggazza.com/35887354/unleashing-the-potential-of-omega-3s-the-advantages-of-fish-oil-supplements,https://www.performancelab.com/?a_aid=68990cbe508aa&a_bid=a2ad38c1,check here,Phrasing,DISAVOW,Vendor Blog Network (Spun-Content PBN),High,bloggazza.com,8,4,false,false,false,false,2025-08-24,2026-08-10
https://rafaeldhjp201656.bloggazza.com/35915813/unlock-your-cognitive-potential-purchase-nutropic-supplements-online,https://www.performancelab.com/collections/all-products,Best natural nootropic supplement 2025,Exact/Commercial,DISAVOW,Vendor Blog Network (Spun-Content PBN),High,bloggazza.com,8,4,false,false,false,false,2025-09-02,2026-08-08
https://zakariagayl020343.bloggazza.com/36200550/unlock-your-cognitive-potential-purchase-nutropic-supplements-online,https://www.performancelab.com/collections/all-products,click here,CTA/Generic,DISAVOW,Vendor Blog Network (Spun-Content PBN),High,bloggazza.com,8,4,false,false,false,false,2025-09-10,2026-08-07
https://emilyeipa562789.blogkoo.com/unlocking-the-power-of-fish-oil-supplements-omega-3-benefits-for-optimal-health-56614761,https://www.performancelab.com/?a_aid=68990cbe508aa&a_bid=a2ad38c1,more info,CTA/Generic,DISAVOW,Vendor Blog Network (Spun-Content PBN),High,blogkoo.com,4,2,false,false,false,false,2026-01-10,2026-08-07
https://monicaeihs904419.blogprodesign.com/58524341/unveiling-the-power-of-fish-oil-supplements-omega-3-benefits-for-optimal-health,https://www.performancelab.com/?a_aid=68990cbe508aa&a_bid=a2ad38c1,check here,Phrasing,DISAVOW,Vendor Blog Network (Spun-Content PBN),High,blogprodesign.com,5,2,false,false,false,false,2025-10-16,2026-07-12
http://consultoriojuridicovirtual.cecar.edu.co/?p=66089,https://www.performancelab.com/blogs/nutrition/taking-pre-workout-with-a-testosterone-booster?srsltid=AfmBOorLVvf0Q3UI19jfLkL_LV32fkA4JAzEL6W8owZqxTnj3C0t0CQa,"@SEO_CARTEL IN TELEGRAM – SEO BACKLINKS, BULK LINK POSTING, BOOST SEO RANKING",Phrasing,DISAVOW,Hacked Site / Injected Link-Vendor Spam,High,cecar.edu.co,8,3563,true,false,false,false,2026-01-27,2026-07-28
http://consultoriojuridicovirtual.cecar.edu.co/?p=73582,https://www.performancelab.com/blogs/nutrition/inositol-for-men?srsltid=AfmBOoo0JXySU0kKx7wt1yWUn9LPxzBJNdN5CtiVUtVDmDaDF4BC8kxW,TG @LINKS_DEALER | EFFECTIVE SEO LINKS FOR WWW.PERFORMANCELAB.COM,Branded,DISAVOW,Hacked Site / Injected Link-Vendor Spam,High,cecar.edu.co,8,3562,true,false,false,false,2025-12-08,2026-08-01
http://consultoriojuridicovirtual.cecar.edu.co/?p=73570,https://www.performancelab.com/blogs/nutrition/taking-pre-workout-with-a-testosterone-booster?srsltid=AfmBOorJ-W3OdhX5c83g1BefimSTRNMs0_-zeHWKmvMBn1Tn-qDpgwVK,TG @LINKS_DEALER | EFFECTIVE SEO LINKS FOR WWW.PERFORMANCELAB.COM,Branded,DISAVOW,Hacked Site / Injected Link-Vendor Spam,High,cecar.edu.co,8,3562,true,false,false,false,2025-12-08,2026-07-30
http://consultoriojuridicovirtual.cecar.edu.co/?p=73574,https://www.performancelab.com/blogs/nutrition/inositol-for-men?srsltid=AfmBOoq2MZr0V3D343YVq9XD2Zu1NP1czTLKuLv5ng5UnuqmgFTGje_x,TG @LINKS_DEALER | EFFECTIVE SEO LINKS FOR WWW.PERFORMANCELAB.COM,Branded,DISAVOW,Hacked Site / Injected Link-Vendor Spam,High,cecar.edu.co,8,3562,true,false,false,false,2025-12-08,2026-08-03
https://cytopore.blogspot.com/,https://www.performancelab.com/blogs/wellness,testolabpro.com,Phrasing,DISAVOW,Link Farm / Outbound-Link Bloat,High,cytopore.blogspot.com,31,13512,true,false,false,false,2026-03-02,2026-08-22
https://cytopore.blogspot.com/%C2%A0,https://www.performancelab.com/blogs/wellness,testolabpro.com,Phrasing,DISAVOW,Link Farm / Outbound-Link Bloat,High,cytopore.blogspot.com,20,13512,true,false,false,false,2026-05-23,2026-05-23
https://daadvn.blogspot.com/,https://www.performancelab.com/blogs/wellness,testolabpro.com,Phrasing,DISAVOW,Link Farm / Outbound-Link Bloat,High,daadvn.blogspot.com,34,13512,true,false,false,false,2026-03-01,2026-08-22
https://daadvn.blogspot.com/%C2%A0,https://www.performancelab.com/blogs/wellness,testolabpro.com,Phrasing,DISAVOW,Link Farm / Outbound-Link Bloat,High,daadvn.blogspot.com,21,13512,true,false,false,false,2026-05-21,2026-05-21
https://daadvn.blogspot.com/manage/manage-sidebar.html,https://www.performancelab.com/blogs/wellness,testolabpro.com,Phrasing,DISAVOW,Link Farm / Outbound-Link Bloat,High,daadvn.blogspot.com,11,13512,true,false,false,false,2026-04-07,2026-04-07
https://saulbbvq019408.dailyblogzz.com/37845054/unveiling-the-power-of-fish-oil-supplements-omega-3-benefits-for-optimal-health,https://www.performancelab.com/?a_aid=68990cbe508aa&a_bid=a2ad38c1,nootropics review,Phrasing,DISAVOW,Vendor Blog Network (Spun-Content PBN),High,dailyblogzz.com,6,4,false,false,false,false,2025-11-02,2026-08-20
https://theowrmm161922.diowebhost.com/92255689/unlocking-the-power-of-fish-oil-supplements-omega-3-benefits-for-optimal-health,https://www.performancelab.com/?a_aid=68990cbe508aa&a_bid=a2ad38c1,check here,Phrasing,DISAVOW,Vendor Blog Network (Spun-Content PBN),High,diowebhost.com,5,2,false,false,false,false,2025-09-11,2026-08-08
https://mohamadxlag109139.diowebhost.com/92037423/unveiling-the-power-of-fish-oil-supplements-omega-3-benefits-for-optimal-health,https://www.performancelab.com/?a_aid=68990cbe508aa&a_bid=a2ad38c1,read more,CTA/Generic,DISAVOW,Vendor Blog Network (Spun-Content PBN),High,diowebhost.com,5,2,false,false,false,false,2025-08-28,2026-08-21
https://gerardgbey296985.diowebhost.com/92127623/unlocking-the-power-of-fish-oil-supplements-omega-3-benefits-for-optimal-health,https://www.performancelab.com/?a_aid=68990cbe508aa&a_bid=a2ad38c1,check here,Phrasing,DISAVOW,Vendor Blog Network (Spun-Content PBN),High,diowebhost.com,5,2,false,false,false,false,2025-09-02,2026-08-07
https://lilligceg059922.diowebhost.com/92281537/unveiling-the-power-of-fish-oil-supplements-omega-3-benefits-for-optimal-health,https://www.performancelab.com/?a_aid=68990cbe508aa&a_bid=a2ad38c1,check here,Phrasing,DISAVOW,Vendor Blog Network (Spun-Content PBN),High,diowebhost.com,4,2,false,false,false,false,2026-01-22,2026-08-17
https://dsspkjk.blogspot.com/,https://performancelab.com/,performancelab.com,Branded,DISAVOW,Link Farm / Outbound-Link Bloat,High,dsspkjk.blogspot.com,34,13513,true,false,false,false,2026-03-16,2026-08-22
https://emegabiza.blogspot.com/,https://www.performancelab.com/blogs/wellness,testolabpro.com,Phrasing,DISAVOW,Link Farm / Outbound-Link Bloat,High,emegabiza.blogspot.com,34,13512,true,false,false,false,2026-03-05,2026-08-21
https://emegabiza.blogspot.com/%C2%A0,https://www.performancelab.com/blogs/wellness,testolabpro.com,Phrasing,DISAVOW,Link Farm / Outbound-Link Bloat,High,emegabiza.blogspot.com,20,13512,true,false,false,false,2026-07-15,2026-07-15
https://en-en-prozenith.us/,https://www.performancelab.com/blogs/energy/black-pepper-extract-benefits-and-side-effects,Black Pepper Extract,Phrasing,DISAVOW,Synthetic Affiliate Doorway Domain,High,en-en-prozenith.us,14,13,false,false,false,false,2026-01-09,2026-08-21
https://en-purdentix-us.com/,https://www.performancelab.com/blogs/multi/vitamin-c-with-d3,vitamins C and D,Phrasing,DISAVOW,Synthetic Affiliate Doorway Domain,High,en-purdentix-us.com,15,2,false,false,false,true,2025-04-25,2026-04-30
https://fagfrogs1.blogspot.com/,https://www.performancelab.com/blogs/wellness,testolabpro.com,Phrasing,DISAVOW,Link Farm / Outbound-Link Bloat,High,fagfrogs1.blogspot.com,34,13512,true,false,false,false,2026-03-03,2026-08-21
https://fagfrogs1.blogspot.com/component/dashboardmm/?view=manager,https://www.performancelab.com/blogs/wellness,testolabpro.com,Phrasing,DISAVOW,Link Farm / Outbound-Link Bloat,High,fagfrogs1.blogspot.com,12,13512,true,false,false,false,2026-03-15,2026-03-15
https://fagfrogs1.blogspot.com/component/dashboard/?view=manager,https://www.performancelab.com/blogs/wellness,testolabpro.com,Phrasing,DISAVOW,Link Farm / Outbound-Link Bloat,High,fagfrogs1.blogspot.com,11,13512,true,false,false,false,2026-05-05,2026-05-05
https://anyammce555860.fitnell.com/78046660/harnessing-the-power-of-fish-oil-supplements-omega-3-benefits-for-optimal-health,https://www.performancelab.com/?a_aid=68990cbe508aa&a_bid=a2ad38c1,nootropics review,Phrasing,DISAVOW,Vendor Blog Network (Spun-Content PBN),High,fitnell.com,4,2,false,false,false,false,2025-09-09,2026-08-19
https://woodyjpgc318915.fitnell.com/77829830/unveiling-the-power-of-fish-oil-supplements-omega-3-benefits-for-optimal-health,https://www.performancelab.com/?a_aid=68990cbe508aa&a_bid=a2ad38c1,more info,CTA/Generic,DISAVOW,Vendor Blog Network (Spun-Content PBN),High,fitnell.com,4,2,false,false,false,false,2025-08-29,2026-08-03
https://deannaeijs708409.full-design.com/harnessing-the-power-of-fish-oil-supplements-omega-3-benefits-for-optimal-health-79634296,https://www.performancelab.com/?a_aid=68990cbe508aa&a_bid=a2ad38c1,more info,CTA/Generic,DISAVOW,Vendor Blog Network (Spun-Content PBN),High,full-design.com,5,2,false,false,false,false,2025-09-10,2026-08-05
https://cyruszacy241008.full-design.com/unveiling-the-power-of-fish-oil-supplements-omega-3-benefits-for-optimal-health-79660974,https://www.performancelab.com/?a_aid=68990cbe508aa&a_bid=a2ad38c1,nootropics review,Phrasing,DISAVOW,Vendor Blog Network (Spun-Content PBN),High,full-design.com,4,2,false,false,false,false,2025-09-11,2026-08-07
https://alyshaebkr949627.getblogs.net/69572009/unlocking-the-power-of-fish-oil-supplements-omega-3-benefits-for-optimal-health,https://www.performancelab.com/?a_aid=68990cbe508aa&a_bid=a2ad38c1,fish oil supplements,Phrasing,DISAVOW,Vendor Blog Network (Spun-Content PBN),High,getblogs.net,15,2,false,false,false,false,2026-08-01,2026-08-01
https://umardfln465993.idblogz.com/37720144/harnessing-the-power-of-fish-oil-supplements-omega-3-benefits-for-optimal-health,https://www.performancelab.com/?a_aid=68990cbe508aa&a_bid=a2ad38c1,nootropics review,Phrasing,DISAVOW,Vendor Blog Network (Spun-Content PBN),High,idblogz.com,4,4,false,false,false,false,2025-10-09,2026-08-16
https://keshpakcxz.blogspot.com/,https://performancelab.com/,performancelab.com,Branded,DISAVOW,Link Farm / Outbound-Link Bloat,High,keshpakcxz.blogspot.com,42,14510,true,false,false,false,2026-01-25,2026-03-12
http://knows.sbs/domain/domain/part/71951,https://www.performancelab.com/,dtcx.com,Phrasing,DISAVOW,Link Farm / Outbound-Link Bloat,High,knows.sbs,6,1973,true,false,false,false,2026-01-28,2026-06-17
https://sachinbntn740292.liberty-blog.com/37579816/unlocking-the-power-of-fish-oil-supplements-omega-3-benefits-for-optimal-health,https://www.performancelab.com/?a_aid=68990cbe508aa&a_bid=a2ad38c1,read more,CTA/Generic,DISAVOW,Vendor Blog Network (Spun-Content PBN),High,liberty-blog.com,4,4,false,false,false,false,2025-09-19,2026-08-16
https://tessgsis693365.livebloggs.com/43813359/harnessing-the-power-of-fish-oil-supplements-omega-3-benefits-for-optimal-health,https://www.performancelab.com/?a_aid=68990cbe508aa&a_bid=a2ad38c1,nootropics review,Phrasing,DISAVOW,Vendor Blog Network (Spun-Content PBN),High,livebloggs.com,5,4,false,false,false,false,2026-01-13,2026-08-15
https://lreeswcqcxz.blogspot.com/,https://www.performancelab.com/blogs/wellness,testolabpro.com,Phrasing,DISAVOW,Link Farm / Outbound-Link Bloat,High,lreeswcqcxz.blogspot.com,42,14510,true,false,false,false,2026-02-01,2026-03-12
https://ammarqngj527030.mpeblog.com/65308446/unveiling-the-power-of-fish-oil-supplements-omega-3-benefits-for-optimal-health,https://www.performancelab.com/?a_aid=68990cbe508aa&a_bid=a2ad38c1,click here,CTA/Generic,DISAVOW,Vendor Blog Network (Spun-Content PBN),High,mpeblog.com,15,2,false,false,false,false,2026-07-11,2026-07-11
https://pkbtembnm.blogspot.com/,https://www.performancelab.com/collections/nutropic,nutropic.com,Phrasing,DISAVOW,Link Farm / Outbound-Link Bloat,High,pkbtembnm.blogspot.com,43,14509,true,false,false,false,2026-01-20,2026-03-10
https://pkbtembnm.blogspot.com/,https://www.performancelab.com/collections/all-products,nutropic.com,Phrasing,DISAVOW,Link Farm / Outbound-Link Bloat,High,pkbtembnm.blogspot.com,43,14509,true,false,false,false,2026-01-30,2026-03-13
https://izaakklqs995961.pointblog.net/harnessing-the-power-of-fish-oil-supplements-omega-3-benefits-for-optimal-health-83854538,https://www.performancelab.com/?a_aid=68990cbe508aa&a_bid=a2ad38c1,check here,Phrasing,DISAVOW,Vendor Blog Network (Spun-Content PBN),High,pointblog.net,4,2,false,false,false,false,2025-09-03,2026-08-19
https://www.retiredbrains.com/blog/previous/(select(0)from(select(sleep(15)))v)%252f*'+(select(0)from(select(sleep(15)))v)+'%22+(select(0)from(select(sleep(15)))v)+%22*%252f/t4wvkd6qvzfh.php,https://www.performancelab.com/blogs/joint-support/best-joint-supplements,choose the best joint supplement,Exact/Commercial,DISAVOW,Exact-Match Anchor Abuse (Sitewide Injection),High,retiredbrains.com,4,75,false,false,false,false,2026-01-07,2026-08-09
https://www.retiredbrains.com/blog/previous/_mmServerScripts/OdZKT9Tix1Ee.php,https://www.performancelab.com/blogs/joint-support/best-joint-supplements,choose the best joint supplement,Exact/Commercial,DISAVOW,Exact-Match Anchor Abuse (Sitewide Injection),High,retiredbrains.com,4,75,false,false,false,false,2026-01-17,2026-08-06
https://www.retiredbrains.com/blog.html,https://www.performancelab.com/blogs/joint-support/best-joint-supplements,choose the best joint supplement,Exact/Commercial,DISAVOW,Exact-Match Anchor Abuse (Sitewide Injection),High,retiredbrains.com,4,75,false,false,false,false,2024-09-24,2026-08-10
https://www.retiredbrains.com/blog/5-natural-post-retirement-remedies-for-arthritis-and-joint-discomfort,https://www.performancelab.com/blogs/joint-support/best-joint-supplements,choose the best joint supplement,Exact/Commercial,DISAVOW,Exact-Match Anchor Abuse (Sitewide Injection),High,retiredbrains.com,4,10,false,false,false,false,2024-08-24,2026-08-09
https://www.retiredbrains.com/blog/previous/_mmServerScripts/locale/3224p5kdypel.php,https://www.performancelab.com/blogs/joint-support/best-joint-supplements,choose the best joint supplement,Exact/Commercial,DISAVOW,Exact-Match Anchor Abuse (Sitewide Injection),High,retiredbrains.com,4,75,false,false,false,false,2026-01-20,2026-08-08
https://www.retiredbrains.com/blog/previous/@@t0XkT/q9h3zkk5o8xz.php,https://www.performancelab.com/blogs/joint-support/best-joint-supplements,choose the best joint supplement,Exact/Commercial,DISAVOW,Exact-Match Anchor Abuse (Sitewide Injection),High,retiredbrains.com,4,75,false,false,false,false,2026-01-07,2026-08-09
https://www.retiredbrains.com/blog/previous/_mmServerScripts/t4wvkd6qvzfh.php,https://www.performancelab.com/blogs/joint-support/best-joint-supplements,choose the best joint supplement,Exact/Commercial,DISAVOW,Exact-Match Anchor Abuse (Sitewide Injection),High,retiredbrains.com,4,75,false,false,false,false,2026-01-19,2026-08-09
https://www.retiredbrains.com/2/category/all,https://www.performancelab.com/blogs/joint-support/best-joint-supplements,choose the best joint supplement,Exact/Commercial,DISAVOW,Exact-Match Anchor Abuse (Sitewide Injection),High,retiredbrains.com,4,75,false,false,false,false,2025-05-21,2026-08-09
"https://www.retiredbrains.com/blog/previous/if(now()=sysdate(),sleep(15),0)/MMHTTPDB.php",https://www.performancelab.com/blogs/joint-support/best-joint-supplements,choose the best joint supplement,Exact/Commercial,DISAVOW,Exact-Match Anchor Abuse (Sitewide Injection),High,retiredbrains.com,4,75,false,false,false,false,2026-01-07,2026-08-10
https://www.retiredbrains.com/blog/previous/_mmServerScripts/locale/Zyift3WmxtOx.php,https://www.performancelab.com/blogs/joint-support/best-joint-supplements,choose the best joint supplement,Exact/Commercial,DISAVOW,Exact-Match Anchor Abuse (Sitewide Injection),High,retiredbrains.com,4,75,false,false,false,false,2026-01-20,2026-08-10
https://www.retiredbrains.com/blog/previous/_mmServerScripts/locale/cNQHzdAvOcye.php,https://www.performancelab.com/blogs/joint-support/best-joint-supplements,choose the best joint supplement,Exact/Commercial,DISAVOW,Exact-Match Anchor Abuse (Sitewide Injection),High,retiredbrains.com,4,75,false,false,false,false,2026-01-20,2026-08-08
https://www.retiredbrains.com/blog/previous/_mmServerScriptsZnWPBZFZ/MMHTTPDB.php,https://www.performancelab.com/blogs/joint-support/best-joint-supplements,choose the best joint supplement,Exact/Commercial,DISAVOW,Exact-Match Anchor Abuse (Sitewide Injection),High,retiredbrains.com,4,75,false,false,false,false,2026-01-16,2026-08-11
"https://www.retiredbrains.com/blog/previous/if(now()=sysdate(),sleep(15),0)/q9h3zkk5o8xz.php",https://www.performancelab.com/blogs/joint-support/best-joint-supplements,choose the best joint supplement,Exact/Commercial,DISAVOW,Exact-Match Anchor Abuse (Sitewide Injection),High,retiredbrains.com,4,75,false,false,false,false,2026-01-16,2026-08-10
https://www.retiredbrains.com/blog/previous/www.retiredbrains.comEhLVapbw'%253b%2520waitfor%2520delay%2520'0:0:15'%2520--%2520/q9h3zkk5o8xz.php,https://www.performancelab.com/blogs/joint-support/best-joint-supplements,choose the best joint supplement,Exact/Commercial,DISAVOW,Exact-Match Anchor Abuse (Sitewide Injection),High,retiredbrains.com,4,75,false,false,false,false,2026-01-17,2026-08-11
https://www.retiredbrains.com/blog/previous/www.retiredbrains.comJDYFr0nb/q9h3zkk5o8xz.php,https://www.performancelab.com/blogs/joint-support/best-joint-supplements,choose the best joint supplement,Exact/Commercial,DISAVOW,Exact-Match Anchor Abuse (Sitewide Injection),High,retiredbrains.com,4,75,false,false,false,false,2026-01-17,2026-08-15
https://www.retiredbrains.com/blog/archives/03-2024,https://www.performancelab.com/blogs/joint-support/best-joint-supplements,choose the best joint supplement,Exact/Commercial,DISAVOW,Exact-Match Anchor Abuse (Sitewide Injection),High,retiredbrains.com,4,16,false,false,false,false,2024-09-23,2026-08-10
https://www.retiredbrains.com/blog/category/all/1,https://www.performancelab.com/blogs/joint-support/best-joint-supplements,choose the best joint supplement,Exact/Commercial,DISAVOW,Exact-Match Anchor Abuse (Sitewide Injection),High,retiredbrains.com,4,75,false,false,false,false,2024-08-22,2026-08-11
https://www.retiredbrains.com/blog/previous/(select(0)from(select(sleep(15)))v)%252f*'+(select(0)from(select(sleep(15)))v)+'%22+(select(0)from(select(sleep(15)))v)+%22*%252f/MMHTTPDB.php,https://www.performancelab.com/blogs/joint-support/best-joint-supplements,choose the best joint supplement,Exact/Commercial,DISAVOW,Exact-Match Anchor Abuse (Sitewide Injection),High,retiredbrains.com,4,75,false,false,false,false,2026-01-17,2026-08-11
"https://www.retiredbrains.com/blog/previous/_mmServerScripts0'XOR(if(now()=sysdate(),sleep(15),0))XOR'Z/t4wvkd6qvzfh.php",https://www.performancelab.com/blogs/joint-support/best-joint-supplements,choose the best joint supplement,Exact/Commercial,DISAVOW,Exact-Match Anchor Abuse (Sitewide Injection),High,retiredbrains.com,4,75,false,false,false,false,2026-01-16,2026-08-11
https://www.retiredbrains.com/blog/previous/_mmserverscripts/locale/3224p5kdypel.php,https://www.performancelab.com/blogs/joint-support/best-joint-supplements,choose the best joint supplement,Exact/Commercial,DISAVOW,Exact-Match Anchor Abuse (Sitewide Injection),High,retiredbrains.com,4,75,false,false,false,false,2026-07-02,2026-08-16
https://www.retiredbrains.com/blog/previous/www.retiredbrains.comnDCeySwg'%2520OR%2520900=(SELECT%2520900%2520FROM%2520PG_SLEEP(15))--/q9h3zkk5o8xz.php,https://www.performancelab.com/blogs/joint-support/best-joint-supplements,choose the best joint supplement,Exact/Commercial,DISAVOW,Exact-Match Anchor Abuse (Sitewide Injection),High,retiredbrains.com,4,75,false,false,false,false,2026-01-08,2026-08-12
https://www.retiredbrains.com/blog/previous/(select(0)from(select(sleep(15)))v)%252f*'+(select(0)from(select(sleep(15)))v)+'%22+(select(0)from(select(sleep(15)))v)+%22*%252f/q9h3zkk5o8xz.php,https://www.performancelab.com/blogs/joint-support/best-joint-supplements,choose the best joint supplement,Exact/Commercial,DISAVOW,Exact-Match Anchor Abuse (Sitewide Injection),High,retiredbrains.com,4,75,false,false,false,false,2026-01-16,2026-08-14
https://www.retiredbrains.com/blog/previous/_mmServerScripts/SYEfFTTBejHT.php,https://www.performancelab.com/blogs/joint-support/best-joint-supplements,choose the best joint supplement,Exact/Commercial,DISAVOW,Exact-Match Anchor Abuse (Sitewide Injection),High,retiredbrains.com,4,75,false,false,false,false,2026-01-17,2026-08-10
"https://www.retiredbrains.com/blog/previous/_mmServerScripts0'XOR(if(now()=sysdate(),sleep(15),0))XOR'Z/MMHTTPDB.php",https://www.performancelab.com/blogs/joint-support/best-joint-supplements,choose the best joint supplement,Exact/Commercial,DISAVOW,Exact-Match Anchor Abuse (Sitewide Injection),High,retiredbrains.com,4,75,false,false,false,false,2026-01-16,2026-08-11
"https://www.retiredbrains.com/blog/previous/if(now()=sysdate(),sleep(15),0)/t4wvkd6qvzfh.php",https://www.performancelab.com/blogs/joint-support/best-joint-supplements,choose the best joint supplement,Exact/Commercial,DISAVOW,Exact-Match Anchor Abuse (Sitewide Injection),High,retiredbrains.com,4,75,false,false,false,false,2026-01-07,2026-08-10
https://www.retiredbrains.com/blog/previous/www.retiredbrains.com/q9h3zkk5o8xz.php,https://www.performancelab.com/blogs/joint-support/best-joint-supplements,choose the best joint supplement,Exact/Commercial,DISAVOW,Exact-Match Anchor Abuse (Sitewide Injection),High,retiredbrains.com,4,75,false,false,false,false,2026-01-16,2026-08-12
"https://www.retiredbrains.com/blog/previous/www.retiredbrains.com0'XOR(if(now()=sysdate(),sleep(15),0))XOR'Z/q9h3zkk5o8xz.php",https://www.performancelab.com/blogs/joint-support/best-joint-supplements,choose the best joint supplement,Exact/Commercial,DISAVOW,Exact-Match Anchor Abuse (Sitewide Injection),High,retiredbrains.com,4,75,false,false,false,false,2026-01-17,2026-08-10
https://www.retiredbrains.com/blog/previous/1,https://www.performancelab.com/blogs/joint-support/best-joint-supplements,choose the best joint supplement,Exact/Commercial,DISAVOW,Exact-Match Anchor Abuse (Sitewide Injection),High,retiredbrains.com,4,75,false,false,false,false,2024-08-30,2026-08-12
http://www.sante.gov.mg/ministere-sante-publique/2025/11/20/tg-links-dealer-black-hat-seo-services-mass-links-11/,https://www.performancelab.com/blogs/nutrition/inositol-for-men?srsltid=AfmBOoo0JXySU0kKx7wt1yWUn9LPxzBJNdN5CtiVUtVDmDaDF4BC8kxW,TG @LINKS_DEALER | EFFECTIVE SEO LINKS FOR WWW.PERFORMANCELAB.COM,Branded,DISAVOW,Hacked Site / Injected Link-Vendor Spam,High,sante.gov.mg,4,3002,true,false,false,false,2025-12-18,2026-06-06
https://nanniezoix859784.sharebyblog.com/37055096/unlocking-the-power-of-fish-oil-supplements-omega-3-benefits-for-optimal-health,https://www.performancelab.com/?a_aid=68990cbe508aa&a_bid=a2ad38c1,click here,CTA/Generic,DISAVOW,Vendor Blog Network (Spun-Content PBN),High,sharebyblog.com,5,4,false,false,false,false,2025-10-16,2026-07-02
http://takes.sbs/domain/domain/part/71951,https://www.performancelab.com/,dtcx.com,Phrasing,DISAVOW,Link Farm / Outbound-Link Bloat,High,takes.sbs,6,5041,true,false,false,false,2026-01-23,2026-03-03
https://takes.sbs/domain/domain/part/71951/quote.aspx?o=abs&stockid=13675%2C38407,https://www.performancelab.com/,dtcx.com,Phrasing,DISAVOW,Link Farm / Outbound-Link Bloat,High,takes.sbs,5,1973,true,false,false,false,2026-02-24,2026-07-08
https://flynnbkwh412420.tkzblog.com/36978893/unveiling-the-power-of-fish-oil-supplements-omega-3-benefits-for-optimal-health,https://www.performancelab.com/?a_aid=68990cbe508aa&a_bid=a2ad38c1,click here,CTA/Generic,DISAVOW,Vendor Blog Network (Spun-Content PBN),High,tkzblog.com,29,4,false,false,false,false,2026-08-14,2026-08-14
https://quantitativemarxism.economicas.uba.ar/seo-cartel-in-telegram-seo-backlinks-bulk-link-12-3/,https://www.performancelab.com/blogs/fitness/female-muscle-growth?srsltid=AfmBOoq4GgQwMzAoqeJOHasb6zEizDTMSasQjEDAp48SkoqYZmHkPQYE,"@SEO_CARTEL IN TELEGRAM – SEO BACKLINKS, BULK LINK POSTING, BOOST SEO RANKING",Phrasing,DISAVOW,Hacked Site / Injected Link-Vendor Spam,High,uba.ar,16,3009,true,false,false,false,2026-01-18,2026-04-22
https://quantitativemarxism.economicas.uba.ar/tg-links-dealer-black-hat-seo-services-mass-links-11-2/,https://www.performancelab.com/blogs/nutrition/inositol-for-men?srsltid=AfmBOoo0JXySU0kKx7wt1yWUn9LPxzBJNdN5CtiVUtVDmDaDF4BC8kxW,TG @LINKS_DEALER | EFFECTIVE SEO LINKS FOR WWW.PERFORMANCELAB.COM,Branded,DISAVOW,Hacked Site / Injected Link-Vendor Spam,High,uba.ar,16,3008,true,false,false,false,2026-01-09,2026-04-21
https://quantitativemarxism.economicas.uba.ar/tg-links-dealer-black-hat-seo-services-mass-links-7-2/,https://www.performancelab.com/blogs/nutrition/inositol-for-men?srsltid=AfmBOoq2MZr0V3D343YVq9XD2Zu1NP1czTLKuLv5ng5UnuqmgFTGje_x,TG @LINKS_DEALER | EFFECTIVE SEO LINKS FOR WWW.PERFORMANCELAB.COM,Branded,DISAVOW,Hacked Site / Injected Link-Vendor Spam,High,uba.ar,16,3008,true,false,false,false,2025-12-30,2026-05-23
https://quantitativemarxism.economicas.uba.ar/tg-links-dealer-black-hat-seo-services-mass-links-5-2/,https://www.performancelab.com/blogs/nutrition/taking-pre-workout-with-a-testosterone-booster?srsltid=AfmBOorJ-W3OdhX5c83g1BefimSTRNMs0_-zeHWKmvMBn1Tn-qDpgwVK,TG @LINKS_DEALER | EFFECTIVE SEO LINKS FOR WWW.PERFORMANCELAB.COM,Branded,DISAVOW,Hacked Site / Injected Link-Vendor Spam,High,uba.ar,16,3008,true,false,false,false,2025-12-31,2026-06-07
https://us-en--prozenith.com/,https://www.performancelab.com/blogs/energy/black-pepper-extract-benefits-and-side-effects,Black Pepper Extract,Phrasing,DISAVOW,Synthetic Affiliate Doorway Domain,High,us-en--prozenith.com,31,13,false,false,false,false,2026-01-22,2026-08-06
https://us-en-aqua-sculpt.com/,https://www.performancelab.com/blogs/energy/black-pepper-extract-benefits-and-side-effects,Black Pepper Extract,Phrasing,DISAVOW,Synthetic Affiliate Doorway Domain,High,us-en-aqua-sculpt.com,51,8,false,false,false,false,2025-08-14,2026-07-14
https://us-us--reduburn.com/,https://www.performancelab.com/blogs/energy/black-pepper-extract-benefits-and-side-effects,Black Pepper Extract,Phrasing,DISAVOW,Synthetic Affiliate Doorway Domain,High,us-us--reduburn.com,52,7,false,false,false,false,2026-03-13,2026-06-20
https://washingtonsblog.com/washingtons-blog-data/,http://performancelab.com/,http://performancelab.com,Branded,DISAVOW,Link Farm / Outbound-Link Bloat,High,washingtonsblog.com,18,7284,false,false,false,false,2026-02-23,2026-04-28
https://sachintfed993035.worldblogged.com/43504845/harnessing-the-power-of-fish-oil-supplements-omega-3-benefits-for-optimal-health,https://www.performancelab.com/?a_aid=68990cbe508aa&a_bid=a2ad38c1,here,CTA/Generic,DISAVOW,Vendor Blog Network (Spun-Content PBN),High,worldblogged.com,4,4,false,false,false,false,2025-10-15,2026-08-10
https://worldofgamingk.blogspot.com/,https://www.performancelab.com/collections/nutropic,nutropic.com,Phrasing,DISAVOW,Link Farm / Outbound-Link Bloat,High,worldofgamingk.blogspot.com,16,13511,true,false,false,false,2026-03-04,2026-07-21
https://worldofgamingk.blogspot.com/,https://www.performancelab.com/collections/all-products,nutropic.com,Phrasing,DISAVOW,Link Farm / Outbound-Link Bloat,High,worldofgamingk.blogspot.com,16,13511,true,false,false,false,2026-03-14,2026-08-21
https://wwwhollywoodk.blogspot.com/,https://www.performancelab.com/collections/nutropic,nutropic.com,Phrasing,DISAVOW,Link Farm / Outbound-Link Bloat,High,wwwhollywoodk.blogspot.com,16,13511,true,false,false,false,2026-03-03,2026-07-20
https://wwwhollywoodk.blogspot.com/,https://www.performancelab.com/collections/all-products,nutropic.com,Phrasing,DISAVOW,Link Farm / Outbound-Link Bloat,High,wwwhollywoodk.blogspot.com,16,13511,true,false,false,false,2026-03-12,2026-08-19
https://www.anabolicsteroidforums.com/threads/glutathione-reconstitution.150986/,https://www.performancelab.com/blogs/immune/glutathione-and-vitamin-c,Glutathione and Vitamin C: Why You Should Take Them Together,Phrasing,REVIEW_MANUALLY,Low-Authority / Off-Topic Single Placement,Low,anabolicsteroidforums.com,5,8,true,false,false,false,2025-06-12,2026-08-12
https://blog.aspiration.marketing/en/what-makes-a-website-feel-credible-within-the-first-few-seconds,https://www.performancelab.com/,science-led nutritional supplements,Phrasing,REVIEW_MANUALLY,"Off-Topic Source, Branded Anchor Profile",Low,aspiration.marketing,6,29,false,false,false,false,2026-06-27,2026-08-15
https://blog.aspiration.marketing/en/what-makes-a-website-feel-credible-within-the-first-few-seconds,https://www.performancelab.com/,Screenshot of the Performance Lab website showcasing radical transparency with detailed ingredient information.,Branded,REVIEW_MANUALLY,"Off-Topic Source, Branded Anchor Profile",Low,aspiration.marketing,6,29,false,false,false,false,2026-06-27,2026-08-15
https://blog.aspiration.marketing/de/what-makes-a-website-feel-credible-within-the-first-few-seconds,https://www.performancelab.com/,wissenschaftlich fundierte Nahrungsergänzungsmittel,Phrasing,REVIEW_MANUALLY,"Off-Topic Source, Branded Anchor Profile",Low,aspiration.marketing,6,30,false,false,false,false,2026-06-27,2026-08-14
https://blog.aspiration.marketing/de/what-makes-a-website-feel-credible-within-the-first-few-seconds,https://www.performancelab.com/,"Produktseite von Performance Lab, die radikale Transparenz durch Offenlegung aller Inhaltsstoffe demonstriert",Branded,REVIEW_MANUALLY,"Off-Topic Source, Branded Anchor Profile",Low,aspiration.marketing,6,30,false,false,false,false,2026-06-27,2026-08-14
https://blog.aspiration.marketing/fr/what-makes-a-website-feel-credible-within-the-first-few-seconds,https://www.performancelab.com/,"Exemple de transparence radicale sur le site de Performance Lab, montrant la composition détaillée d'un complément.",Branded,REVIEW_MANUALLY,"Off-Topic Source, Branded Anchor Profile",Low,aspiration.marketing,6,31,false,false,false,false,2026-07-05,2026-08-20
https://blog.aspiration.marketing/fr/what-makes-a-website-feel-credible-within-the-first-few-seconds,https://www.performancelab.com/,des compléments alimentaires fondés sur la science,Phrasing,REVIEW_MANUALLY,"Off-Topic Source, Branded Anchor Profile",Low,aspiration.marketing,6,31,false,false,false,false,2026-06-26,2026-08-20
https://blog.aspiration.marketing/it/what-makes-a-website-feel-credible-within-the-first-few-seconds,https://www.performancelab.com/,integratori alimentari basati sulla scienza,Phrasing,REVIEW_MANUALLY,"Off-Topic Source, Branded Anchor Profile",Low,aspiration.marketing,6,31,false,false,false,false,2026-06-27,2026-08-13
https://blog.aspiration.marketing/it/what-makes-a-website-feel-credible-within-the-first-few-seconds,https://www.performancelab.com/,Pagina del prodotto Performance Lab che illustra la trasparenza radicale con dosaggi precisi degli ingredienti.,Branded,REVIEW_MANUALLY,"Off-Topic Source, Branded Anchor Profile",Low,aspiration.marketing,6,31,false,false,false,false,2026-06-27,2026-08-13
https://blog.aspiration.marketing/zh-cn/what-makes-a-website-feel-credible-within-the-first-few-seconds,https://www.performancelab.com/,科学驱动型营养补充剂,Phrasing,REVIEW_MANUALLY,"Off-Topic Source, Branded Anchor Profile",Low,aspiration.marketing,6,33,false,false,false,false,2026-06-27,2026-08-13
https://blog.aspiration.marketing/zh-cn/what-makes-a-website-feel-credible-within-the-first-few-seconds,https://www.performancelab.com/,Performance Lab营养补充剂产品页面截图，展示其配方的彻底透明性,Branded,REVIEW_MANUALLY,"Off-Topic Source, Branded Anchor Profile",Low,aspiration.marketing,6,33,false,false,false,false,2026-06-27,2026-08-13
https://blog.aspiration.marketing/es/what-makes-a-website-feel-credible-within-the-first-few-seconds,https://www.performancelab.com/,suplementos nutricionales basados en la ciencia,Phrasing,REVIEW_MANUALLY,"Off-Topic Source, Branded Anchor Profile",Low,aspiration.marketing,6,32,false,false,false,false,2026-06-26,2026-08-20
https://blog.aspiration.marketing/es/what-makes-a-website-feel-credible-within-the-first-few-seconds,https://www.performancelab.com/,Etiqueta de producto de Performance Lab que demuestra transparencia radical al mostrar todas las dosis de los ingredientes.,Branded,REVIEW_MANUALLY,"Off-Topic Source, Branded Anchor Profile",Low,aspiration.marketing,6,32,false,false,false,false,2026-07-05,2026-08-20
https://blog.aspiration.marketing/ro/what-makes-a-website-feel-credible-within-the-first-few-seconds,https://www.performancelab.com/,suplimente nutriționale bazate pe știință,Phrasing,REVIEW_MANUALLY,"Off-Topic Source, Branded Anchor Profile",Low,aspiration.marketing,6,31,false,false,false,false,2026-06-27,2026-08-13
https://blog.aspiration.marketing/ro/what-makes-a-website-feel-credible-within-the-first-few-seconds,https://www.performancelab.com/,"Pagina de start a site-ului Performance Lab, un exemplu de transparență radicală în industria suplimentelor.",Branded,REVIEW_MANUALLY,"Off-Topic Source, Branded Anchor Profile",Low,aspiration.marketing,6,31,false,false,false,false,2026-06-27,2026-08-13
https://atlaspainspecialists.com/silent-migraine-symptoms-how-to-recognize-this-hidden-condition/,https://www.performancelab.com/blogs/caffeine-2/can-caffeine-cause-dizziness,click here,CTA/Generic,REVIEW_MANUALLY,Unclassified - Insufficient Signal,Low,atlaspainspecialists.com,7,24,false,false,false,false,2026-02-17,2026-08-19
https://bearaby.com/blogs/the-lay-low/can-you-take-magnesium-and-melatonin-together,https://www.performancelab.com/blogs/sleep/magnesium-and-melatonin-interaction,together,Phrasing,REVIEW_MANUALLY,Unclassified - Insufficient Signal,Low,bearaby.com,10,10,false,false,false,false,2026-04-29,2026-04-29
https://www.brandvm.com/post/how-to-use-your-website-to-attract-ideal-customers,https://www.performancelab.com/,sells nutritional supplements,Phrasing,REVIEW_MANUALLY,Unclassified - Insufficient Signal,Low,brandvm.com,7,23,false,false,false,false,2026-03-05,2026-08-01
https://buildd.co/p/simple-ux-improvements-better-customer-experiences-2026,https://www.performancelab.com/,Performance Lab,Branded,REVIEW_MANUALLY,Unclassified - Insufficient Signal,Low,buildd.co,8,33,false,false,false,false,2026-06-09,2026-08-15
https://buildd.co/p/simple-ux-improvements-better-customer-experiences-2026,https://www.performancelab.com/,,Empty/Image,REVIEW_MANUALLY,Unclassified - Insufficient Signal,Low,buildd.co,8,33,true,false,false,false,2026-06-09,2026-08-15
https://buildd.co/p/simple-ux-improvements-better-customer-experiences-2026,http://performancelab.com/,performancelab.com,Branded,REVIEW_MANUALLY,Unclassified - Insufficient Signal,Low,buildd.co,8,33,true,false,false,false,2026-06-09,2026-08-15
https://www.buildersociety.com/threads/burnout.4311/page-2,https://www.performancelab.com/collections/core-range/products/sleep,this,Phrasing,REVIEW_MANUALLY,Low-Authority / Off-Topic Single Placement,Low,buildersociety.com,4,27,true,false,false,false,2025-11-02,2026-08-13
https://www.buildersociety.com/threads/burnout.4311/page-2,https://www.performancelab.com/collections/core-range/products/whole-food-multi,this one,Phrasing,REVIEW_MANUALLY,Low-Authority / Off-Topic Single Placement,Low,buildersociety.com,4,27,true,false,false,false,2026-01-22,2026-08-13
https://cafesmyway.com/beneficios-y-perjuicios/tiempo-entre-creatina-y-cafe/,https://www.performancelab.com/blogs/pre-workout/are-creatine-and-caffeine-dangerous-together,ver fuente,Phrasing,REVIEW_MANUALLY,Unclassified - Insufficient Signal,Low,cafesmyway.com,6,13,false,false,false,false,2026-02-06,2026-07-19
https://www.carnosyn.com/the-best-time-to-take-beta-alanine/,"https://www.performancelab.com/blogs/nutrition/beta-alanine-before-bed#:~:text=It%20is%20not%20normally%20recommended,%2Dterm%20performance%2Denhancing%20benefits",not recommended before bed,Phrasing,REVIEW_MANUALLY,Unclassified - Insufficient Signal,Low,carnosyn.com,7,13,false,false,false,false,2026-08-18,2026-08-18
https://www.celiac.com/profile/77627-wheatwacked/content/page/12/?type=forums_topic_post,https://www.performancelab.com/blogs/prebiotic/inulin-vs-psyllium-which-is-better-for-gut-health,Inulin vs Psyllium: Which Is Better for Gut Health?,Phrasing,REVIEW_MANUALLY,Unclassified - Insufficient Signal,Low,celiac.com,10,34,true,false,false,true,2025-03-11,2026-04-09
https://www.cm-alliance.com/cybersecurity-blog/how-cybercriminals-exploit-digital-ad-networks-for-financial-gain,https://www.performancelab.com/products/pre-lab-pro,Pre Lab Pro,Phrasing,REVIEW_MANUALLY,Unclassified - Insufficient Signal,Low,cm-alliance.com,9,22,false,false,false,false,2026-05-25,2026-08-19
https://codeless.io/content-formats-for-the-age-of-ai/,https://eu.performancelab.com/pages/ultramodern-nutrition,Source,CTA/Generic,REVIEW_MANUALLY,Unclassified - Insufficient Signal,Low,codeless.io,9,32,false,false,false,false,2026-02-13,2026-08-21
https://codeless.io/content-formats-for-the-age-of-ai/,https://performancelab.com/,Performance Lab,Branded,REVIEW_MANUALLY,Unclassified - Insufficient Signal,Low,codeless.io,9,32,false,false,false,false,2026-02-13,2026-08-21
https://cro.media/all-shopify-stores/fashion/pages-69/,https://eu.performancelab.com/?ref=cro.media,eu.performancelab.com,Branded,REVIEW_MANUALLY,"High-OBL Page, Branded Anchor Profile",Low,cro.media,5,712,true,false,false,false,2026-01-22,2026-05-16
https://cro.media/all-shopify-stores/fashion/pages-76/,https://www.performancelab.com/?ref=cro.media,performancelab.com,Branded,REVIEW_MANUALLY,"High-OBL Page, Branded Anchor Profile",Low,cro.media,5,734,true,false,false,false,2026-01-18,2026-05-18
https://cro.media/all-shopify-stores/electronics/pages-4/,https://www.performancelab.com/?ref=cro.media,performancelab.com,Branded,REVIEW_MANUALLY,"High-OBL Page, Branded Anchor Profile",Low,cro.media,4,726,true,false,false,false,2026-01-10,2026-07-13
https://cro.media/all-shopify-stores/outdoors/pages-5/,https://www.performancelab.com/?ref=cro.media,performancelab.com,Branded,REVIEW_MANUALLY,"High-OBL Page, Branded Anchor Profile",Low,cro.media,4,731,true,false,false,false,2025-11-21,2026-07-13
https://cro.media/all-shopify-stores/accessories/pages-13/,https://eu.performancelab.com/?ref=cro.media,eu.performancelab.com,Branded,REVIEW_MANUALLY,"High-OBL Page, Branded Anchor Profile",Low,cro.media,4,725,true,false,false,false,2026-01-27,2026-07-12
https://cro.media/all-shopify-stores/outdoors/pages-4/,https://eu.performancelab.com/?ref=cro.media,eu.performancelab.com,Branded,REVIEW_MANUALLY,"High-OBL Page, Branded Anchor Profile",Low,cro.media,4,708,true,false,false,false,2025-09-01,2026-07-15
https://cro.media/all-shopify-stores/pages-102/,https://eu.performancelab.com/?ref=cro.media,eu.performancelab.com,Branded,REVIEW_MANUALLY,"High-OBL Page, Branded Anchor Profile",Low,cro.media,4,691,true,false,false,false,2026-02-22,2026-07-24
https://cro.media/all-shopify-stores/food/pages-11/,https://eu.performancelab.com/?ref=cro.media,eu.performancelab.com,Branded,REVIEW_MANUALLY,"High-OBL Page, Branded Anchor Profile",Low,cro.media,4,718,true,false,false,false,2026-01-24,2026-07-23
https://cro.media/all-shopify-stores/accessories/pages-18/,https://www.performancelab.com/?ref=cro.media,performancelab.com,Branded,REVIEW_MANUALLY,"High-OBL Page, Branded Anchor Profile",Low,cro.media,4,722,true,false,false,false,2025-11-23,2026-07-19
https://cro.media/all-shopify-stores/electronics/pages-2/,https://eu.performancelab.com/?ref=cro.media,eu.performancelab.com,Branded,REVIEW_MANUALLY,"High-OBL Page, Branded Anchor Profile",Low,cro.media,4,704,true,false,false,false,2026-01-13,2026-07-16
https://cro.media/all-shopify-stores/fashion/pages-126/,https://eu.performancelab.com/?ref=cro.media,eu.performancelab.com,Branded,REVIEW_MANUALLY,"High-OBL Page, Branded Anchor Profile",Low,cro.media,4,687,true,false,false,false,2026-06-10,2026-07-22
https://cro.media/all-shopify-stores/fashion/pages-129/,https://www.performancelab.com/?ref=cro.media,performancelab.com,Branded,REVIEW_MANUALLY,"High-OBL Page, Branded Anchor Profile",Low,cro.media,4,723,true,false,false,false,2026-05-08,2026-07-30
https://cro.media/all-shopify-stores/food/pages-18/,https://www.performancelab.com/?ref=cro.media,performancelab.com,Branded,REVIEW_MANUALLY,"High-OBL Page, Branded Anchor Profile",Low,cro.media,4,740,true,false,false,false,2026-01-24,2026-07-30
https://cro.media/all-shopify-stores/pages-152/,https://www.performancelab.com/?ref=cro.media,performancelab.com,Branded,REVIEW_MANUALLY,"High-OBL Page, Branded Anchor Profile",Low,cro.media,4,731,true,false,false,false,2026-02-19,2026-07-27
https://drprem.com/guide/6-different-ways-to-improve-flexibility-at-any-age/,https://www.performancelab.com/blogs/joint-support/best-joint-supplements,supplements for joints and ligaments,Phrasing,REVIEW_MANUALLY,Unclassified - Insufficient Signal,Low,drprem.com,7,3,false,false,false,false,2024-12-28,2026-06-26
https://en-aquesculpt.com/,https://www.performancelab.com/blogs/caffeine-2/caffeine-anhydrous,Caffeine anhydrous,Phrasing,REVIEW_MANUALLY,Unclassified - Insufficient Signal,Low,en-aquesculpt.com,52,7,false,false,false,true,2025-06-08,2026-02-23
http://en-java-burn.com/,https://www.performancelab.com/blogs/nutrition/l-theanine-for-weight-loss,L-Theanine,Phrasing,REVIEW_MANUALLY,Unclassified - Insufficient Signal,Low,en-java-burn.com,20,7,false,false,false,false,2026-08-03,2026-08-20
https://en-java-burn.com/,https://www.performancelab.com/blogs/nutrition/l-theanine-for-weight-loss,L-Theanine,Phrasing,REVIEW_MANUALLY,Unclassified - Insufficient Signal,Low,en-java-burn.com,8,7,false,false,false,false,2026-03-11,2026-08-14
https://www.fluther.com/122487/will-someone-please-hijack-this-thread/,https://www.performancelab.com/blogs/multi/do-vitamins-have-calories,https://www.performancelab.com/blogs/multi/do-vitamins-have-calories,Branded,REVIEW_MANUALLY,"High-OBL Page, Branded Anchor Profile",Low,fluther.com,8,212,true,false,false,false,2025-10-30,2026-08-13
https://www.freestufftimes.com/category/expired/page/1095,https://www.performancelab.com/,http://www.performancelabs.com/pli-vip/pli-vip.html,Branded,REVIEW_MANUALLY,Coupon / Deals Aggregator - Retain by Default,Medium,freestufftimes.com,5,19,false,false,false,true,2025-03-03,2026-02-11
https://www.freestufftimes.com/category/expired/page/1096,https://www.performancelab.com/,http://www.performancelabs.com/pli-vip/pli-vip.html,Branded,REVIEW_MANUALLY,Coupon / Deals Aggregator - Retain by Default,Medium,freestufftimes.com,5,20,false,false,false,false,2026-01-28,2026-03-19
https://www.freestufftimes.com/archive/jul5.html,https://www.performancelab.com/,Free sample of acid free,Phrasing,REVIEW_MANUALLY,Coupon / Deals Aggregator - Retain by Default,Medium,freestufftimes.com,4,233,false,false,false,false,2026-01-15,2026-08-11
https://www.funnelytics.io/blog/return-on-ad-spend-benchmarks,https://www.performancelab.com/products/pre-lab-pro,Pre Lab Pro,Phrasing,REVIEW_MANUALLY,Unclassified - Insufficient Signal,Low,funnelytics.io,7,18,false,false,false,false,2026-06-01,2026-08-06
https://girlcooksworld.com/page/13/?m=0,https://www.performancelab.com/blogs/news/immune-boosting-juices-top-8-juice-recipes-for-immunity,immunity juice recipe,Phrasing,REVIEW_MANUALLY,Low-Authority / Off-Topic Single Placement,Low,girlcooksworld.com,6,23,false,false,false,true,2026-03-05,2026-04-03
https://girlcooksworld.com/page/17/?m=0,https://www.performancelab.com/blogs/news/immune-boosting-juices-top-8-juice-recipes-for-immunity,immunity juice recipe,Phrasing,REVIEW_MANUALLY,Low-Authority / Off-Topic Single Placement,Low,girlcooksworld.com,5,27,false,false,false,true,2026-05-14,2026-06-04
https://girlcooksworld.com/page/16/?m=0,https://www.performancelab.com/blogs/news/immune-boosting-juices-top-8-juice-recipes-for-immunity,immunity juice recipe,Phrasing,REVIEW_MANUALLY,Low-Authority / Off-Topic Single Placement,Low,girlcooksworld.com,5,23,false,false,false,true,2026-04-11,2026-05-11
https://girlcooksworld.com/page/18/?m=0,https://www.performancelab.com/blogs/news/immune-boosting-juices-top-8-juice-recipes-for-immunity,immunity juice recipe,Phrasing,REVIEW_MANUALLY,Low-Authority / Off-Topic Single Placement,Low,girlcooksworld.com,5,23,false,false,false,true,2026-05-18,2026-07-04
https://gogosister.com/can-dry-eyes-be-cured/,"https://www.performancelab.com/blogs/vision/vitamin-c-and-dry-eyes#:~:text=As%20research%20suggests%20inflammation%20and,the%20development%20of%20eye%20diseases.",5,CTA/Generic,REVIEW_MANUALLY,Unclassified - Insufficient Signal,Low,gogosister.com,18,12,false,false,false,false,2025-05-20,2026-08-19
https://greenerideal.com/recipes/3-delicious-recipes-rich-in-essential-nutrients/,https://www.performancelab.com/collections/vitamins-minerals,effect of natural vitamins,Phrasing,REVIEW_MANUALLY,Coupon / Deals Aggregator - Retain by Default,Medium,greenerideal.com,5,15,false,false,false,false,2025-06-23,2026-08-03
https://handwiki.org/wiki/Biology:Montmorency_cherry,https://www.performancelab.com/blogs/sleep/sleep-performance-benefits-montmorency-tart-cherry,"""The Sleep & Performance Benefits of Montmorency Tart Cherry""",Phrasing,REVIEW_MANUALLY,Unclassified - Insufficient Signal,Low,handwiki.org,12,20,true,false,false,false,2026-01-05,2026-06-03
https://heatworld.com/shopping/beauty/best-sleep-products/,https://uk.performancelab.com/products/sleep,View offer,Phrasing,REVIEW_MANUALLY,Unclassified - Insufficient Signal,Low,heatworld.com,13,34,false,true,false,false,2025-02-04,2026-08-18
https://heatworld.com/shopping/home/useful-things-to-buy/,https://uk.performancelab.com/products/mind,uk.performancelab.com,Branded,REVIEW_MANUALLY,Unclassified - Insufficient Signal,Low,heatworld.com,12,89,false,true,false,false,2026-02-03,2026-08-21
https://heatworld.com/shopping/home/useful-things-to-buy/,https://uk.performancelab.com/products/mind,View offer,Phrasing,REVIEW_MANUALLY,Unclassified - Insufficient Signal,Low,heatworld.com,12,89,false,true,false,false,2026-02-03,2026-08-21
https://heatworld.com/shopping/home/useful-things-to-buy/,https://uk.performancelab.com/products/mind,Performance Lab Mind Supplement,Branded,REVIEW_MANUALLY,Unclassified - Insufficient Signal,Low,heatworld.com,12,89,false,true,false,false,2026-02-03,2026-08-21
https://herway.net/it/things-deeply-anxious-people-do-on-a-regular-basis/,https://www.performancelab.com/blogs/caffeine-2/the-caffeine-trap?srsltid=AfmBOoqHyB9g3WLkEydXbz19LqjeRBnZfIvquXkOU7EFXLv3d41ya0R9,© Performance Lab,Branded,REVIEW_MANUALLY,"Off-Topic Source, Branded Anchor Profile",Low,herway.net,8,16,false,false,false,false,2025-11-01,2026-08-04
https://herway.net/pt/things-deeply-anxious-people-do-on-a-regular-basis/,https://www.performancelab.com/blogs/caffeine-2/the-caffeine-trap?srsltid=AfmBOoqHyB9g3WLkEydXbz19LqjeRBnZfIvquXkOU7EFXLv3d41ya0R9,© Performance Lab,Branded,REVIEW_MANUALLY,"Off-Topic Source, Branded Anchor Profile",Low,herway.net,8,16,false,false,false,false,2025-10-26,2026-08-06
https://herway.net/things-deeply-anxious-people-do-on-a-regular-basis/,https://www.performancelab.com/blogs/caffeine-2/the-caffeine-trap?srsltid=AfmBOoqHyB9g3WLkEydXbz19LqjeRBnZfIvquXkOU7EFXLv3d41ya0R9,© Performance Lab,Branded,REVIEW_MANUALLY,"Off-Topic Source, Branded Anchor Profile",Low,herway.net,8,16,false,false,false,false,2025-11-01,2026-08-03
https://herway.net/es/things-deeply-anxious-people-do-on-a-regular-basis/,https://www.performancelab.com/blogs/caffeine-2/the-caffeine-trap?srsltid=AfmBOoqHyB9g3WLkEydXbz19LqjeRBnZfIvquXkOU7EFXLv3d41ya0R9,© Performance Lab,Branded,REVIEW_MANUALLY,"Off-Topic Source, Branded Anchor Profile",Low,herway.net,8,16,false,false,false,false,2025-10-31,2026-08-21
https://highlatitudestyle.com/look-stunning-your-wedding-day/,https://www.performancelab.com/blogs/sleep/lemon-balm-side-effects,side-effects of lemon balm,Phrasing,REVIEW_MANUALLY,Unclassified - Insufficient Signal,Low,highlatitudestyle.com,7,22,false,false,false,true,2026-02-03,2026-07-09
https://www.hometownstation.com/featured-stories/how-community-engagement-can-improve-your-well-being-505932,https://www.performancelab.com/blogs/joint-support/best-joint-supplements,choosing the best joint supplements,Exact/Commercial,REVIEW_MANUALLY,Unclassified - Insufficient Signal,Low,hometownstation.com,8,29,false,false,false,false,2026-01-20,2026-08-07
https://idealmagazine.co.uk/grow-it-brew-it-drink-it-7-herbal-teas-their-health-benefits/,https://www.performancelab.com/blogs/sleep/lemon-balm-side-effects,lemon balm side effects,Phrasing,REVIEW_MANUALLY,Coupon / Deals Aggregator - Retain by Default,Medium,idealmagazine.co.uk,8,20,false,false,false,false,2026-01-20,2026-08-16
https://lemmy.world/post/27984710,https://www.performancelab.com/blogs/multi/how-many-calories-break-a-fast,It depends,Phrasing,REVIEW_MANUALLY,Unclassified - Insufficient Signal,Low,lemmy.world,10,27,true,false,false,false,2025-10-26,2026-07-18
https://lenso.ai/en/blog/news/ai-reverse-image-search-as-a-competitive-intelligence-tool-for-ecommerce-brands,https://www.performancelab.com/,premium nutritional supplements,Phrasing,REVIEW_MANUALLY,Unclassified - Insufficient Signal,Low,lenso.ai,12,14,false,false,false,false,2026-01-01,2026-08-19
https://www.leoweekly.com/discover/best-time-to-take-magnesium-17271863/,https://www.performancelab.com/products/magnesium,Performance Lab Magnesium,Branded,REVIEW_MANUALLY,Unclassified - Insufficient Signal,Low,leoweekly.com,9,22,false,false,false,false,2025-09-08,2026-07-30
https://www.leoweekly.com/discover/best-time-to-take-magnesium-17271863/,https://www.performancelab.com/products/magnesium,>>Check the best prices for Performance Lab Magnesium here,Branded,REVIEW_MANUALLY,Unclassified - Insufficient Signal,Low,leoweekly.com,9,22,false,false,false,false,2025-09-08,2026-07-30
https://www.leoweekly.com/discover/best-time-to-take-magnesium-17271863/,https://www.performancelab.com/products/magnesium,,Empty/Image,REVIEW_MANUALLY,Unclassified - Insufficient Signal,Low,leoweekly.com,9,22,false,false,false,false,2025-09-08,2026-07-30
https://www.lgbtqandall.com/treating-borderline-personality-disorder-bpd-naturally/,https://www.performancelab.com/blogs/omega-3/best-omega-3-supplement,list of omega 3 supplements,Phrasing,REVIEW_MANUALLY,Unclassified - Insufficient Signal,Low,lgbtqandall.com,8,20,false,false,false,false,2026-02-02,2026-08-20
https://www.ljepotaizdravlje.ba/zdravlje/fitness/koje-misice-trenirati-zajedno,https://www.performancelab.com/blogs/fitness/full-body-workout-benefits?srsltid=AfmBOooyfpYpjhpe57eQ9_rtFJ2UbS4gYQwRla0M6xxVsIkfbfdFa8uv,Full Body,Phrasing,REVIEW_MANUALLY,Low-Authority / Off-Topic Single Placement,Low,ljepotaizdravlje.ba,5,8,false,false,false,false,2026-06-15,2026-08-21
https://oloom.majarra.com/%D8%A7%D9%84%D8%B5%D8%AD%D8%A9/%D8%B5%D8%AD%D8%A9-%D8%AC%D8%B3%D8%AF%D9%8A%D8%A9/%D9%81%D9%8A%D8%AA%D8%A7%D9%85%D9%8A%D9%86-%D8%AF-%D9%88%D8%A7%D9%84%D8%A7%D8%AD%D8%AA%D8%B1%D8%A7%D9%82-%D8%A7%D9%84%D9%88%D8%B8%D9%8A%D9%81%D9%8A-%D9%81%D9%8A-%D8%A7%D9%84%D8%B9%D9%85%D9%84/,https://www.performancelab.com/blogs/nutrition/vitamin-d-for-burnout,يوصف الإرهاق,Phrasing,REVIEW_MANUALLY,Unclassified - Insufficient Signal,Low,majarra.com,6,14,false,false,false,false,2026-04-02,2026-08-21
https://meltingforest.com/blogs/news/what-does-lion-s-mane-mushroom-taste-like,https://www.performancelab.com/blogs/news/lions-mane-taste,benefits,Phrasing,REVIEW_MANUALLY,Low-Authority / Off-Topic Single Placement,Low,meltingforest.com,4,9,false,false,false,false,2026-02-04,2026-06-17
https://milled.com/sanrio/so-dreamy-2aLOSihQ-2eo1vSK,http://performancelab.com/,Free 2023 Sanrio Calendar,Phrasing,REVIEW_MANUALLY,Unclassified - Insufficient Signal,Low,milled.com,7,29,true,false,false,false,2025-05-09,2026-03-06
https://milled.com/clarks/shop-top-trending-styles-csW_h5AKq5RbiO5f,https://www.performancelab.com/pages/privacy-policy,Trending Styles,Phrasing,REVIEW_MANUALLY,Unclassified - Insufficient Signal,Low,milled.com,6,42,true,false,false,false,2026-03-05,2026-08-22
https://momswhosave.com/always-feeling-tired-and-run-down/,https://www.performancelab.com/blogs/multi/multivitamin-vs-individual-vitamins,multivitamin vs individual vitamins,Phrasing,REVIEW_MANUALLY,Low-Authority / Off-Topic Single Placement,Low,momswhosave.com,4,21,false,false,false,false,2025-10-12,2026-08-15
https://forums.moneysavingexpert.com/discussion/24879/free-garlic-tablets,https://www.performancelab.com/,I want stinky breath,Phrasing,REVIEW_MANUALLY,Coupon / Deals Aggregator - Retain by Default,Medium,moneysavingexpert.com,17,7,true,false,false,false,2025-12-21,2026-07-25
https://www.mothersalwaysright.com/how-to-build-a-calm-bedtime-in-30-minutes/,https://www.performancelab.com/blogs/sleep/magnesium-and-melatonin-interaction,combine magnesium and melatonin for sleep,Phrasing,REVIEW_MANUALLY,Unclassified - Insufficient Signal,Low,mothersalwaysright.com,6,5,false,false,false,false,2026-03-12,2026-08-06
https://newsdirectonline.com/performancelab-mind,https://www.performancelab.com/products/mind-lab-pro,,Empty/Image,REVIEW_MANUALLY,Unclassified - Insufficient Signal,Low,newsdirectonline.com,8,0,false,false,false,true,2026-03-14,2026-05-31
https://www.noobpreneur.com/2020/02/17/how-to-maintain-optimal-productivity-as-an-entrepreneur/,https://performancelab.com/products/whole-food-multi,wholefood multivitamin,Phrasing,REVIEW_MANUALLY,Low-Authority / Off-Topic Single Placement,Low,noobpreneur.com,6,14,false,false,false,false,2025-02-04,2026-06-19
https://noobpreneur.com/2020/02/17/how-to-maintain-optimal-productivity-as-an-entrepreneur/,https://performancelab.com/products/whole-food-multi,wholefood multivitamin,Phrasing,REVIEW_MANUALLY,Low-Authority / Off-Topic Single Placement,Low,noobpreneur.com,4,14,false,false,false,false,2026-03-10,2026-08-03
https://ocnjdaily.com/news/2024/jul/11/6-best-adderall-over-the-counter-alternatives-in-2/,https://www.performancelab.com/products/mind-lab-pro,Performance Lab Mind,Branded,REVIEW_MANUALLY,"Off-Topic Source, Branded Anchor Profile",Low,ocnjdaily.com,12,46,false,false,false,false,2026-01-12,2026-05-16
https://ocnjdaily.com/imported/6-best-adderall-over-the-counter-alternatives-in-2/,https://www.performancelab.com/products/mind-lab-pro,Performance Lab Mind,Branded,REVIEW_MANUALLY,"Off-Topic Source, Branded Anchor Profile",Low,ocnjdaily.com,8,43,false,false,false,true,2026-05-27,2026-07-31
https://ocnjdaily.com/news/2025/jun/16/everyday-wellness-habits-to-boost-energy-and-mental-clarity/,https://www.performancelab.com/,Visit Performance Lab,Branded,REVIEW_MANUALLY,"Off-Topic Source, Branded Anchor Profile",Low,ocnjdaily.com,7,34,false,false,false,false,2025-07-28,2026-07-21
https://outfrontmagazine.com/soothing-herbs-lgbtq-readers/,https://www.performancelab.com/blogs/sleep/lemon-balm-side-effects,lemon balm interactions and side effects,Phrasing,REVIEW_MANUALLY,Unclassified - Insufficient Signal,Low,outfrontmagazine.com,6,16,false,false,false,false,2026-04-09,2026-08-03
https://www.paperblog.fr/1013533/jazzamar-voice-et-marc-mac-a-colodor/,https://www.performancelab.com/collections/all-products,Nu Tropic,Phrasing,REVIEW_MANUALLY,Unclassified - Insufficient Signal,Low,paperblog.fr,7,8,true,false,false,false,2024-11-12,2026-07-12
https://www.paperblog.fr/1013533/jazzamar-voice-et-marc-mac-a-colodor/,https://www.performancelab.com/collections/nutropic,Nu Tropic,Phrasing,REVIEW_MANUALLY,Unclassified - Insufficient Signal,Low,paperblog.fr,6,8,true,false,false,true,2026-02-16,2026-07-12
https://www.pharmacydiscount.gr/blog/%CF%83%CE%B5%CE%BB%CE%B7%CE%BD%CE%B9%CE%BF-%CF%80%CF%81%CE%B9%CE%BD-%CE%B7-%CE%BC%CE%B5%CF%84%CE%B1-%CF%84%CE%BF-%CF%86%CE%B1%CE%B3%CE%B7%CF%84%CF%8C-%CF%84%CE%BF-%CF%80%CE%B1%CE%B9%CF%81%CE%BD%CF%89.htm,https://www.performancelab.com/blogs/immune/best-time-of-day-to-take-selenium,https://www.performancelab.com/blogs/immune/best-time-of-day-to-take-selenium,Branded,REVIEW_MANUALLY,Coupon / Deals Aggregator - Retain by Default,Medium,pharmacydiscount.gr,8,16,false,false,false,false,2025-06-10,2026-08-04
https://zdravie.pluska.sk/zdravy-zivot/rozbijanie-najznamejsich-mytov-chudnuti-kvoli-tomuto-vam-nedari-schudnut,https://www.performancelab.com/blogs/fat-loss/foods-with-high-thermic-effect,Štúdia,Phrasing,REVIEW_MANUALLY,Unclassified - Insufficient Signal,Low,pluska.sk,14,22,false,false,false,false,2025-10-28,2026-08-20
https://dobrejedlo.pluska.sk/tipy/5-najvacsich-mytov-chudnuti-prestante-im-verit-schudnete,https://www.performancelab.com/blogs/fat-loss/foods-with-high-thermic-effect,Štúdia,Phrasing,REVIEW_MANUALLY,Unclassified - Insufficient Signal,Low,pluska.sk,14,21,false,false,false,false,2025-10-23,2026-08-19
https://magazin.pluska.sk/zdravie/myty-chudnuti-kvoli-ktorym-neviete-zhodit-kilogramy,https://www.performancelab.com/blogs/fat-loss/foods-with-high-thermic-effect,Štúdia,Phrasing,REVIEW_MANUALLY,Unclassified - Insufficient Signal,Low,pluska.sk,14,19,false,false,false,false,2025-11-02,2026-08-21
https://postunreel.com/blog/ai-customer-support-automation,http://performancelab.com/,performancelab.com,Branded,REVIEW_MANUALLY,Unclassified - Insufficient Signal,Low,postunreel.com,6,13,true,false,false,false,2026-07-05,2026-08-04
https://postunreel.com/blog/ai-customer-support-automation,https://www.performancelab.com/,cognitive and physical performance nutrition,Phrasing,REVIEW_MANUALLY,Unclassified - Insufficient Signal,Low,postunreel.com,6,13,false,false,false,false,2026-07-05,2026-08-04
https://programgeeks.net/the-google-pixel-watch-could-cost-a-lot-less-than-the-apple-watch-8/,http://performancelab.com/,http://performancelab.com,Branded,REVIEW_MANUALLY,"High-OBL Page, Branded Anchor Profile",Low,programgeeks.net,12,700,false,false,false,false,2025-05-19,2026-08-04
https://www.ranktracker.com/et/blog/b2c-web-design-conversion-strategies/,https://www.performancelab.com/,performancelab.com,Branded,REVIEW_MANUALLY,"Off-Topic Source, Branded Anchor Profile",Low,ranktracker.com,10,30,false,false,false,false,2025-11-04,2026-07-23
https://www.ranktracker.com/et/blog/b2c-web-design-conversion-strategies/,https://www.performancelab.com/,Performance Labi,Branded,REVIEW_MANUALLY,"Off-Topic Source, Branded Anchor Profile",Low,ranktracker.com,10,30,false,false,false,false,2025-11-04,2026-07-23
https://www.ranktracker.com/nl/blog/b2c-web-design-conversion-strategies/,https://www.performancelab.com/,performancelab.com,Branded,REVIEW_MANUALLY,"Off-Topic Source, Branded Anchor Profile",Low,ranktracker.com,10,30,false,false,false,false,2026-01-28,2026-07-23
https://www.ranktracker.com/nl/blog/b2c-web-design-conversion-strategies/,https://www.performancelab.com/,van Performance Lab,Branded,REVIEW_MANUALLY,"Off-Topic Source, Branded Anchor Profile",Low,ranktracker.com,10,30,false,false,false,false,2026-01-28,2026-07-23
https://www.ranktracker.com/nb/blog/b2c-web-design-conversion-strategies/,https://www.performancelab.com/,til Performance Lab,Branded,REVIEW_MANUALLY,"Off-Topic Source, Branded Anchor Profile",Low,ranktracker.com,9,30,false,false,false,false,2026-01-14,2026-07-23
https://www.ranktracker.com/nb/blog/b2c-web-design-conversion-strategies/,https://www.performancelab.com/,performancelab.com,Branded,REVIEW_MANUALLY,"Off-Topic Source, Branded Anchor Profile",Low,ranktracker.com,9,30,false,false,false,false,2026-01-14,2026-07-23
https://www.ranktracker.com/fi/blog/b2c-web-design-conversion-strategies/,https://www.performancelab.com/,performancelab.com,Branded,REVIEW_MANUALLY,"Off-Topic Source, Branded Anchor Profile",Low,ranktracker.com,9,31,false,false,false,false,2026-01-28,2026-08-14
https://www.ranktracker.com/fi/blog/b2c-web-design-conversion-strategies/,https://www.performancelab.com/,Performance Labin,Branded,REVIEW_MANUALLY,"Off-Topic Source, Branded Anchor Profile",Low,ranktracker.com,9,31,false,false,false,false,2026-01-28,2026-08-14
https://www.ranktracker.com/fr/blog/b2c-web-design-conversion-strategies/,https://www.performancelab.com/,de Performance Lab,Branded,REVIEW_MANUALLY,"Off-Topic Source, Branded Anchor Profile",Low,ranktracker.com,9,31,false,false,false,false,2026-01-30,2026-08-21
https://www.ranktracker.com/fr/blog/b2c-web-design-conversion-strategies/,https://www.performancelab.com/,performancelab.com,Branded,REVIEW_MANUALLY,"Off-Topic Source, Branded Anchor Profile",Low,ranktracker.com,9,31,false,false,false,false,2026-01-30,2026-08-21
https://www.ranktracker.com/hu/blog/b2c-web-design-conversion-strategies/,https://www.performancelab.com/,performancelab.com,Branded,REVIEW_MANUALLY,"Off-Topic Source, Branded Anchor Profile",Low,ranktracker.com,9,30,false,false,false,false,2025-12-02,2026-08-22
https://www.ranktracker.com/hu/blog/b2c-web-design-conversion-strategies/,https://www.performancelab.com/,Performance Lab,Branded,REVIEW_MANUALLY,"Off-Topic Source, Branded Anchor Profile",Low,ranktracker.com,9,30,false,false,false,false,2025-12-02,2026-08-22
https://www.ranktracker.com/ko/blog/b2c-web-design-conversion-strategies/,https://www.performancelab.com/,퍼포먼스 랩,Phrasing,REVIEW_MANUALLY,"Off-Topic Source, Branded Anchor Profile",Low,ranktracker.com,9,31,false,false,false,false,2026-01-08,2026-08-19
https://www.ranktracker.com/ko/blog/b2c-web-design-conversion-strategies/,https://www.performancelab.com/,performancelab.com,Branded,REVIEW_MANUALLY,"Off-Topic Source, Branded Anchor Profile",Low,ranktracker.com,9,31,false,false,false,false,2026-01-08,2026-08-19
https://www.ranktracker.com/ko/blog/b2c-web-design-conversion-strategies/,https://www.performancelab.com/,Performance Lab,Branded,REVIEW_MANUALLY,"Off-Topic Source, Branded Anchor Profile",Low,ranktracker.com,9,31,false,false,false,false,2026-01-08,2026-08-19
https://www.ranktracker.com/sv/blog/b2c-web-design-conversion-strategies/,https://www.performancelab.com/,performancelab.com,Branded,REVIEW_MANUALLY,"Off-Topic Source, Branded Anchor Profile",Low,ranktracker.com,9,30,false,false,false,false,2025-11-04,2026-08-12
https://www.ranktracker.com/sv/blog/b2c-web-design-conversion-strategies/,https://www.performancelab.com/,Performance Labs,Branded,REVIEW_MANUALLY,"Off-Topic Source, Branded Anchor Profile",Low,ranktracker.com,9,30,false,false,false,false,2025-11-04,2026-08-12
https://www.ranktracker.com/el/blog/b2c-web-design-conversion-strategies/,https://www.performancelab.com/,του Performance Lab,Branded,REVIEW_MANUALLY,"Off-Topic Source, Branded Anchor Profile",Low,ranktracker.com,9,30,false,false,false,false,2025-11-01,2026-08-15
https://www.ranktracker.com/el/blog/b2c-web-design-conversion-strategies/,https://www.performancelab.com/,performancelab.com,Branded,REVIEW_MANUALLY,"Off-Topic Source, Branded Anchor Profile",Low,ranktracker.com,9,30,false,false,false,false,2025-11-01,2026-08-15
https://www.ranktracker.com/ja/blog/b2c-web-design-conversion-strategies/,https://www.performancelab.com/,performancelab.com,Branded,REVIEW_MANUALLY,"Off-Topic Source, Branded Anchor Profile",Low,ranktracker.com,9,30,false,false,false,false,2026-02-27,2026-08-19
https://www.ranktracker.com/ja/blog/b2c-web-design-conversion-strategies/,https://www.performancelab.com/,Performance Labの,Branded,REVIEW_MANUALLY,"Off-Topic Source, Branded Anchor Profile",Low,ranktracker.com,9,30,false,false,false,false,2026-02-27,2026-08-19
https://www.ranktracker.com/uk/blog/b2c-web-design-conversion-strategies/,https://www.performancelab.com/,performancelab.com,Branded,REVIEW_MANUALLY,"Off-Topic Source, Branded Anchor Profile",Low,ranktracker.com,9,30,false,false,false,false,2026-01-28,2026-08-22
https://www.ranktracker.com/uk/blog/b2c-web-design-conversion-strategies/,https://www.performancelab.com/,Performance Lab,Branded,REVIEW_MANUALLY,"Off-Topic Source, Branded Anchor Profile",Low,ranktracker.com,9,30,false,false,false,false,2026-01-28,2026-08-22
https://www.ranktracker.com/bg/blog/b2c-web-design-conversion-strategies/,https://www.performancelab.com/,на Performance Lab,Branded,REVIEW_MANUALLY,"Off-Topic Source, Branded Anchor Profile",Low,ranktracker.com,9,31,false,false,false,false,2026-01-21,2026-07-30
https://www.ranktracker.com/bg/blog/b2c-web-design-conversion-strategies/,https://www.performancelab.com/,performancelab.com,Branded,REVIEW_MANUALLY,"Off-Topic Source, Branded Anchor Profile",Low,ranktracker.com,9,31,false,false,false,false,2026-01-21,2026-07-30
https://www.ranktracker.com/da/blog/b2c-web-design-conversion-strategies/,https://www.performancelab.com/,performancelab.com,Branded,REVIEW_MANUALLY,"Off-Topic Source, Branded Anchor Profile",Low,ranktracker.com,9,30,false,false,false,false,2025-11-07,2026-07-29
https://www.ranktracker.com/da/blog/b2c-web-design-conversion-strategies/,https://www.performancelab.com/,Performance Labs,Branded,REVIEW_MANUALLY,"Off-Topic Source, Branded Anchor Profile",Low,ranktracker.com,9,30,false,false,false,false,2025-11-07,2026-07-29
https://www.ranktracker.com/lv/blog/b2c-web-design-conversion-strategies/,https://www.performancelab.com/,performancelab.com,Branded,REVIEW_MANUALLY,"Off-Topic Source, Branded Anchor Profile",Low,ranktracker.com,9,30,false,false,false,false,2025-11-07,2026-07-29
https://www.ranktracker.com/lv/blog/b2c-web-design-conversion-strategies/,https://www.performancelab.com/,Performance Lab,Branded,REVIEW_MANUALLY,"Off-Topic Source, Branded Anchor Profile",Low,ranktracker.com,9,30,false,false,false,false,2025-11-07,2026-07-29
https://www.ranktracker.com/pl/blog/b2c-web-design-conversion-strategies/,https://www.performancelab.com/,performancelab.com,Branded,REVIEW_MANUALLY,"Off-Topic Source, Branded Anchor Profile",Low,ranktracker.com,9,32,false,false,false,false,2026-01-11,2026-07-26
https://www.ranktracker.com/pl/blog/b2c-web-design-conversion-strategies/,https://www.performancelab.com/,Performance Lab,Branded,REVIEW_MANUALLY,"Off-Topic Source, Branded Anchor Profile",Low,ranktracker.com,9,32,false,false,false,false,2026-01-11,2026-07-26
https://www.ranktracker.com/pt-br/blog/b2c-web-design-conversion-strategies/,https://www.performancelab.com/,performancelab.com,Branded,REVIEW_MANUALLY,"Off-Topic Source, Branded Anchor Profile",Low,ranktracker.com,9,31,false,false,false,false,2026-02-06,2026-07-25
https://www.ranktracker.com/pt-br/blog/b2c-web-design-conversion-strategies/,https://www.performancelab.com/,do Performance Lab,Branded,REVIEW_MANUALLY,"Off-Topic Source, Branded Anchor Profile",Low,ranktracker.com,9,31,false,false,false,false,2026-02-06,2026-07-25
https://www.ranktracker.com/tr/blog/b2c-web-design-conversion-strategies/,https://www.performancelab.com/,performancelab.com,Branded,REVIEW_MANUALLY,"Off-Topic Source, Branded Anchor Profile",Low,ranktracker.com,9,30,false,false,false,false,2025-11-01,2026-07-27
https://www.ranktracker.com/tr/blog/b2c-web-design-conversion-strategies/,https://www.performancelab.com/,Performance Lab,Branded,REVIEW_MANUALLY,"Off-Topic Source, Branded Anchor Profile",Low,ranktracker.com,9,30,false,false,false,false,2025-11-01,2026-07-27
https://www.ranktracker.com/blog/b2c-web-design-conversion-strategies/,https://www.performancelab.com/,performancelab.com,Branded,REVIEW_MANUALLY,"Off-Topic Source, Branded Anchor Profile",Low,ranktracker.com,9,30,false,false,false,false,2025-11-13,2026-08-04
https://www.ranktracker.com/blog/b2c-web-design-conversion-strategies/,https://www.performancelab.com/,Performance Lab,Branded,REVIEW_MANUALLY,"Off-Topic Source, Branded Anchor Profile",Low,ranktracker.com,9,30,false,false,false,false,2025-11-13,2026-08-04
https://www.ranktracker.com/cs/blog/b2c-web-design-conversion-strategies/,https://www.performancelab.com/,Performance Lab,Branded,REVIEW_MANUALLY,"Off-Topic Source, Branded Anchor Profile",Low,ranktracker.com,9,31,false,false,false,false,2026-05-05,2026-08-03
https://www.ranktracker.com/cs/blog/b2c-web-design-conversion-strategies/,https://www.performancelab.com/,performancelab.com,Branded,REVIEW_MANUALLY,"Off-Topic Source, Branded Anchor Profile",Low,ranktracker.com,9,31,false,false,false,false,2026-05-05,2026-08-03
https://www.ranktracker.com/de/blog/b2c-web-design-conversion-strategies/,https://www.performancelab.com/,von Performance Lab,Branded,REVIEW_MANUALLY,"Off-Topic Source, Branded Anchor Profile",Low,ranktracker.com,9,30,false,false,false,false,2025-11-29,2026-07-30
https://www.ranktracker.com/de/blog/b2c-web-design-conversion-strategies/,https://www.performancelab.com/,performancelab.com,Branded,REVIEW_MANUALLY,"Off-Topic Source, Branded Anchor Profile",Low,ranktracker.com,9,30,false,false,false,false,2025-11-29,2026-07-30
https://www.ranktracker.com/es/blog/b2c-web-design-conversion-strategies/,https://www.performancelab.com/,performancelab.com,Branded,REVIEW_MANUALLY,"Off-Topic Source, Branded Anchor Profile",Low,ranktracker.com,9,30,false,false,false,false,2026-01-23,2026-07-31
https://www.ranktracker.com/es/blog/b2c-web-design-conversion-strategies/,https://www.performancelab.com/,de Performance Lab,Branded,REVIEW_MANUALLY,"Off-Topic Source, Branded Anchor Profile",Low,ranktracker.com,9,30,false,false,false,false,2026-01-23,2026-07-31
https://www.ranktracker.com/id/blog/b2c-web-design-conversion-strategies/,https://www.performancelab.com/,performancelab.com,Branded,REVIEW_MANUALLY,"Off-Topic Source, Branded Anchor Profile",Low,ranktracker.com,9,32,false,false,false,false,2025-11-29,2026-08-01
https://www.ranktracker.com/id/blog/b2c-web-design-conversion-strategies/,https://www.performancelab.com/,Performance Lab,Branded,REVIEW_MANUALLY,"Off-Topic Source, Branded Anchor Profile",Low,ranktracker.com,9,32,false,false,false,false,2025-11-29,2026-08-01
https://www.ranktracker.com/lt/blog/b2c-web-design-conversion-strategies/,https://www.performancelab.com/,„Performance Lab“,Branded,REVIEW_MANUALLY,"Off-Topic Source, Branded Anchor Profile",Low,ranktracker.com,9,31,false,false,false,false,2025-11-23,2026-07-25
https://www.ranktracker.com/lt/blog/b2c-web-design-conversion-strategies/,https://www.performancelab.com/,performancelab.com,Branded,REVIEW_MANUALLY,"Off-Topic Source, Branded Anchor Profile",Low,ranktracker.com,9,31,false,false,false,false,2025-11-23,2026-07-25
https://www.ranktracker.com/ro/blog/b2c-web-design-conversion-strategies/,https://www.performancelab.com/,performancelab.com,Branded,REVIEW_MANUALLY,"Off-Topic Source, Branded Anchor Profile",Low,ranktracker.com,9,31,false,false,false,false,2026-02-09,2026-08-03
https://www.ranktracker.com/ro/blog/b2c-web-design-conversion-strategies/,https://www.performancelab.com/,a Performance Lab,Branded,REVIEW_MANUALLY,"Off-Topic Source, Branded Anchor Profile",Low,ranktracker.com,9,31,false,false,false,false,2026-02-09,2026-08-03
https://www.ranktracker.com/sk/blog/b2c-web-design-conversion-strategies/,https://www.performancelab.com/,performancelab.com,Branded,REVIEW_MANUALLY,"Off-Topic Source, Branded Anchor Profile",Low,ranktracker.com,9,31,false,false,false,false,2026-02-14,2026-07-31
https://www.ranktracker.com/sk/blog/b2c-web-design-conversion-strategies/,https://www.performancelab.com/,Performance Lab,Branded,REVIEW_MANUALLY,"Off-Topic Source, Branded Anchor Profile",Low,ranktracker.com,9,31,false,false,false,false,2026-02-14,2026-07-31
https://www.ranktracker.com/sl/blog/b2c-web-design-conversion-strategies/,https://www.performancelab.com/,performancelab.com,Branded,REVIEW_MANUALLY,"Off-Topic Source, Branded Anchor Profile",Low,ranktracker.com,9,31,false,false,false,false,2025-11-10,2026-08-07
https://www.ranktracker.com/sl/blog/b2c-web-design-conversion-strategies/,https://www.performancelab.com/,Performance Lab,Branded,REVIEW_MANUALLY,"Off-Topic Source, Branded Anchor Profile",Low,ranktracker.com,9,31,false,false,false,false,2025-11-10,2026-08-07
https://www.ranktracker.com/it/blog/b2c-web-design-conversion-strategies/,https://www.performancelab.com/,performancelab.com,Branded,REVIEW_MANUALLY,"Off-Topic Source, Branded Anchor Profile",Low,ranktracker.com,9,31,false,false,false,false,2025-12-07,2026-07-31
https://www.ranktracker.com/it/blog/b2c-web-design-conversion-strategies/,https://www.performancelab.com/,di Performance Lab,Branded,REVIEW_MANUALLY,"Off-Topic Source, Branded Anchor Profile",Low,ranktracker.com,9,31,false,false,false,false,2025-12-07,2026-07-31
https://www.ranktracker.com/zh/blog/b2c-web-design-conversion-strategies/,https://www.performancelab.com/,例如Performance Lab官网首页,Branded,REVIEW_MANUALLY,"Off-Topic Source, Branded Anchor Profile",Low,ranktracker.com,9,30,false,false,false,false,2025-11-23,2026-08-05
https://www.ranktracker.com/zh/blog/b2c-web-design-conversion-strategies/,https://www.performancelab.com/,performancelab.com,Branded,REVIEW_MANUALLY,"Off-Topic Source, Branded Anchor Profile",Low,ranktracker.com,9,30,false,false,false,false,2025-11-23,2026-08-05
https://www.receitasnestle.com.br/artigos/treino-jejum,https://www.performancelab.com/blogs/fitness/lifting-on-an-empty-stomach,Lifting on an Empty Stomach: Is It Safe to Lift Heavy While Fasted?,Phrasing,REVIEW_MANUALLY,Unclassified - Insufficient Signal,Low,receitasnestle.com.br,15,16,false,false,false,false,2025-06-21,2026-08-15
https://old.lemmy.sdf.org/post/32391937,https://www.performancelab.com/blogs/multi/how-many-calories-break-a-fast,It depends,Phrasing,REVIEW_MANUALLY,Unclassified - Insufficient Signal,Low,sdf.org,6,55,false,false,false,false,2025-12-14,2026-06-11
https://www.shinesheets.com/signs-that-you-are-not-eating-enough/,https://www.performancelab.com/blogs/multi/multivitamin-vs-individual-vitamins,a multivitamin or individual vitamins,Phrasing,REVIEW_MANUALLY,Low-Authority / Off-Topic Single Placement,Low,shinesheets.com,5,17,false,false,false,false,2025-10-26,2026-07-10
https://sibtel55.ru/eymnh/adrian-obituaries.html,https://mis.performancelab.com/assets/images/ieh0de/index.php?topic2969,6svtb,Phrasing,REVIEW_MANUALLY,Unclassified - Insufficient Signal,Low,sibtel55.ru,8,10,false,false,false,true,2026-02-04,2026-02-20
https://smartreach.io/blog/social-proof-marketing-guide/,https://www.performancelab.com/,clean-label supplement brand,Phrasing,REVIEW_MANUALLY,Unclassified - Insufficient Signal,Low,smartreach.io,7,10,false,false,false,false,2025-12-08,2026-05-06
https://www.smolecule.com/products/s1523520,https://www.performancelab.com/,1,CTA/Generic,REVIEW_MANUALLY,Low-Authority / Off-Topic Single Placement,Low,smolecule.com,4,10,false,false,false,false,2026-05-19,2026-08-10
https://www.sneakymommies.com/list-of-foods-high-in-fiber/,https://www.performancelab.com/blogs/fat-loss/foods-with-high-thermic-effect,high thermic foods,Phrasing,REVIEW_MANUALLY,Low-Authority / Off-Topic Single Placement,Low,sneakymommies.com,4,6,false,false,false,true,2025-02-18,2026-06-17
https://sunnysweetdays.com/6-tips-to-help-you-achieve-a-great-body-figure/,https://www.performancelab.com/collections/vitamins-minerals,trace minerals,Phrasing,REVIEW_MANUALLY,Unclassified - Insufficient Signal,Low,sunnysweetdays.com,6,33,false,false,false,true,2025-06-13,2026-06-14
https://www.theclintoncourier.net/2024/09/05/key-factors-to-consider-when-choosing-an-exercise-routine/,https://www.performancelab.com/blogs/nutrition/does-creatine-make-you-bloated,learn more about creatine bloating,Phrasing,REVIEW_MANUALLY,Unclassified - Insufficient Signal,Low,theclintoncourier.net,7,27,false,false,false,false,2025-06-17,2026-08-13
https://thephagroup.com/blog/dtcx-appoints-the-pha-group-for-their-nutropic-product-launch/,https://www.performancelab.com/collections/all-products,Nu:tropic,Phrasing,REVIEW_MANUALLY,Unclassified - Insufficient Signal,Low,thephagroup.com,7,8,false,false,false,false,2024-09-06,2026-08-10
https://thephagroup.com/blog/dtcx-appoints-the-pha-group-for-their-nutropic-product-launch/,https://uk.performancelab.com/,Performance Lab,Branded,REVIEW_MANUALLY,Unclassified - Insufficient Signal,Low,thephagroup.com,7,8,false,false,false,false,2025-10-10,2026-08-10
https://thephagroup.com/blog/dtcx-appoints-the-pha-group-for-their-nutropic-product-launch/,https://www.performancelab.com/collections/nutropic,Nu:tropic,Phrasing,REVIEW_MANUALLY,Unclassified - Insufficient Signal,Low,thephagroup.com,7,8,false,false,false,false,2025-06-10,2026-07-20
https://therebelchick.com/tips-for-finding-balance-in-everyday-life/,https://www.performancelab.com/blogs/sleep/magnesium-and-melatonin-interaction,magnesium and melatonin,Phrasing,REVIEW_MANUALLY,Unclassified - Insufficient Signal,Low,therebelchick.com,8,13,true,false,false,false,2025-12-22,2026-08-19
https://www.trendencias.com/hombres/buscas-ganar-masa-muscular-ciencia-tiene-respuesta-entrenamiento-fuerza-3-7-que-promete-resultados-tiempo-record,https://www.performancelab.com/blogs/fitness/transform-muscle-strength-and-size-with-the-3-7-method,combina tensión mecánica,Phrasing,REVIEW_MANUALLY,Unclassified - Insufficient Signal,Low,trendencias.com,14,59,false,false,false,false,2026-01-23,2026-08-16
https://unicornplatform.com/blog/from-vision-to-visuals-building-brands-that-convert/,https://www.performancelab.com/,performancelab.com,Branded,REVIEW_MANUALLY,Unclassified - Insufficient Signal,Low,unicornplatform.com,6,29,false,false,false,false,2025-12-11,2026-08-03
https://unicornplatform.com/blog/from-vision-to-visuals-building-brands-that-convert/,https://www.performancelab.com/,a nutritional supplements brand,Phrasing,REVIEW_MANUALLY,Unclassified - Insufficient Signal,Low,unicornplatform.com,6,29,false,false,false,false,2025-12-11,2026-08-03
https://userp.io/marketing/using-social-proof-to-build-brand-credibility/,http://performancelab.com/,Source,CTA/Generic,REVIEW_MANUALLY,Unclassified - Insufficient Signal,Low,userp.io,7,25,false,false,false,false,2026-02-03,2026-08-06
https://userp.io/marketing/using-social-proof-to-build-brand-credibility/,https://www.performancelab.com/,PerformanceLab,Branded,REVIEW_MANUALLY,Unclassified - Insufficient Signal,Low,userp.io,7,25,false,false,false,false,2026-02-03,2026-08-06
https://www.wealthysinglemommy.com/15-smart-moves-that-helped-me-rebuild-life-after-divorce-at-45/,https://www.performancelab.com/blogs/pre-workout/creatine-nitrate-vs-creatine-monohydrate,creatine nitrate compared to monohydrate,Phrasing,REVIEW_MANUALLY,Unclassified - Insufficient Signal,Low,wealthysinglemommy.com,8,5,false,false,false,false,2026-02-02,2026-06-29
https://www.wealthysinglemommy.com/15-smart-moves-that-helped-me-rebuild-life-after-divorce-at-45,https://www.performancelab.com/blogs/pre-workout/creatine-nitrate-vs-creatine-monohydrate,creatine nitrate compared to monohydrate,Phrasing,REVIEW_MANUALLY,Unclassified - Insufficient Signal,Low,wealthysinglemommy.com,7,5,false,false,false,false,2026-07-04,2026-08-06
https://weathersaverpro.substack.com/p/newletter-edition-april-15-2026,https://www.performancelab.com/,https://rebrand.ly/e44888,URL,REVIEW_MANUALLY,Unclassified - Insufficient Signal,Low,weathersaverpro.substack.com,19,6,false,false,false,false,2026-06-07,2026-08-12
https://weathersaverpro.substack.com/p/newletter-edition-april-15-2026,https://www.performancelab.com/,,Empty/Image,REVIEW_MANUALLY,Unclassified - Insufficient Signal,Low,weathersaverpro.substack.com,19,6,false,false,false,false,2026-06-07,2026-08-12
https://weathersaverpro.substack.com/p/texas-weather-history-the-devastating,https://www.performancelab.com/,Get Performance Lab® here,Branded,REVIEW_MANUALLY,Unclassified - Insufficient Signal,Low,weathersaverpro.substack.com,19,5,false,false,false,false,2026-06-15,2026-08-20
https://en.wikipedia.org/wiki/Montmorency_cherry,https://www.performancelab.com/blogs/sleep/sleep-performance-benefits-montmorency-tart-cherry,"""The Sleep & Performance Benefits of Montmorency Tart Cherry""",Phrasing,REVIEW_MANUALLY,Unclassified - Insufficient Signal,Low,wikipedia.org,63,25,true,false,false,false,2026-04-12,2026-04-12
https://www.wikiwand.com/en/Montmorency_cherry,https://www.performancelab.com/blogs/sleep/sleep-performance-benefits-montmorency-tart-cherry,"""The Sleep & Performance Benefits of Montmorency Tart Cherry""",Phrasing,REVIEW_MANUALLY,Unclassified - Insufficient Signal,Low,wikiwand.com,15,17,false,false,false,false,2026-08-10,2026-08-10
https://www.womenonbusiness.com/5-ways-to-improve-your-morning-routine-while-working-from-home/,https://www.performancelab.com/blogs/prebiotic/when-to-take-prebiotics,when to take prebiotics,Phrasing,REVIEW_MANUALLY,Unclassified - Insufficient Signal,Low,womenonbusiness.com,6,7,false,false,false,false,2026-01-11,2026-05-27
https://www.xcode.life/genes-and-nutrition/does-creatine-make-you-bloated/,https://www.performancelab.com/blogs/nutrition/does-creatine-make-you-bloated/,water retention,Phrasing,REVIEW_MANUALLY,Unclassified - Insufficient Signal,Low,xcode.life,8,19,false,false,false,false,2023-10-16,2026-08-15
