url,sum_traffic,top_keyword,top_keyword_volume,top_keyword_best_position,value,keywords
https://www.performancelab.com/blogs/fitness/dumbbell-rear-delt-fly,5098,rear delt fly,84000,7,90556,267
https://www.performancelab.com/blogs/sleep/magnesium-bisglycinate-vs-glycinate,2303,magnesium bisglycinate vs magnesium glycinate,3300,5,21040,91
https://www.performancelab.com/blogs/sleep/best-magnesium-for-sleep,2194,best magnesium for sleep,31000,9,49057,48
https://www.performancelab.com/blogs/multi/the-best-time-to-take-zinc,2114,when to take zinc,2000,5,5634,126
https://www.performancelab.com/blogs/magnesium/magnesium-malate-vs-glycinate,1629,magnesium malate vs glycinate,3000,6,17291,115
https://www.performancelab.com/Magnesium,1221,magnesium malate benefits,7600,3,7063,8
https://www.performancelab.com/blogs/pre-workout/creatine-and-pre-workout,1186,can you mix creatine with pre workout,600,4,14313,197
https://www.performancelab.com/blogs/multi/how-many-calories-break-a-fast,1186,how many calories break a fast,4700,4,4050,173
https://www.performancelab.com/blogs/nutrition/does-creatine-break-a-fast,1030,does creatine break a fast,5300,5,3794,51
https://www.performancelab.com/blogs/sleep/can-eating-cherries-before-bed-help-you-sleep,997,benefits of eating cherries at night,2100,7,1857,54
https://www.performancelab.com/blogs/magnesium/magnesium-taurate-vs-glycinate,990,magnesium taurate benefits,5600,6,10741,66
https://www.performancelab.com/blogs/fitness/how-to-get-skinny-arms-female-guide,911,how to get skinny arms,800,6,10463,377
https://www.performancelab.com/Sleep,792,what magnesium is best for sleep,10000,7,6834,24
https://www.performancelab.com/blogs/nutrition/does-vitamin-b12-keep-you-awake-at-night,747,can you take b12 at night,700,3,2329,109
https://www.performancelab.com/blogs/nutrition/how-long-does-it-take-for-vitamin-b12-to-work,684,how long does it take for b12 to work,600,4,3797,98
https://www.performancelab.com/blogs/nutrition/taking-creatine-without-working-out,668,can you take creatine without working out,1400,6,7090,86
https://www.performancelab.com/Multi,607,can zinc cause constipation,400,2,4686,90
https://www.performancelab.com/blogs/multi/vitamin-b12-on-an-empty-stomach,606,can you take b12 on an empty stomach,400,4,2504,127
https://www.performancelab.com/blogs/nutrition/vitamin-c-on-an-empty-stomach,606,can you take vitamin c on an empty stomach,500,3,1646,88
https://www.performancelab.com/blogs/multi/can-you-take-iron-and-magnesium-together,601,can you take iron and magnesium together,1400,6,7613,78
https://www.performancelab.com/Nutrition,597,taking creatine without workout,1800,7,5559,102
https://www.performancelab.com/Fitness,597,rear delt fly dumbbell,4800,7,10632,68
https://www.performancelab.com/blogs/multi/should-i-take-potassium-in-the-morning-or-night,578,best time to take potassium,600,3,2352,47
https://www.performancelab.com/blogs/news/immune-boosting-juices-top-8-juice-recipes-for-immunity,562,immunity juice recipe,300,2,20298,80
https://www.performancelab.com/blogs/multi/vitamin-d3-and-b12-together,534,can you take b12 and d3 together,200,1,5834,106
https://www.performancelab.com/blogs/nutrition/what-in-pre-workout-makes-you-tingle,531,what in pre workout makes you tingle,200,2,3527,150
https://www.performancelab.com/blogs/nutrition/how-many-calories-do-you-burn-in-a-day-without-exercise,521,how many calories do i burn a day,12000,12,1711,106
https://www.performancelab.com/blogs/prebiotic/should-i-take-fiber-before-or-after-a-meal,521,best time to take fiber supplement,900,8,12080,114
https://www.performancelab.com/blogs/multi/do-you-get-vitamin-c-from-the-sun,499,is the sun vitamin c or d,450,5,2450,73
https://www.performancelab.com/blogs/nutrition/how-long-does-it-take-for-creatine-to-kick-in,493,creatine timeline,150,2,1825,104
https://www.performancelab.com/blogs/sleep/how-long-does-melatonin-stay-in-your-system,472,how long does melatonin stay in your system,4000,8,3512,113
https://www.performancelab.com/blogs/nutrition/inositol-for-men,429,inositol benefits,20000,14,31703,27
https://www.performancelab.com/blogs/sleep/magnesium-and-melatonin-interaction,426,can you take magnesium and melatonin together,1500,7,2135,51
https://www.performancelab.com/blogs/nutrition/beetroot-benefits-for-men,421,beetroot benefits for men,6000,7,1539,30
https://www.performancelab.com/blogs/multi/calcium-vs-vitamin-c,411,is calcium vitamin c,400,3,12061,43
https://www.performancelab.com/blogs/nutrition/vitamin-d-and-iron,376,can you take iron and vitamin d together,900,7,21086,56
https://www.performancelab.com/blogs/nutrition/vitamins-for-muscle-tightness,354,best supplements for muscle pain and stiffness,800,4,20189,91
https://www.performancelab.com/blogs/sleep/best-tart-cherry-dietary-supplement,336,best tart cherry supplement,700,4,12057,30
https://www.performancelab.com/blogs/nutrition/best-pre-workout-for-women,315,pre workout for women,3100,7,12412,74
https://www.performancelab.com/blogs/multi/manganese-vs-magnesium,263,manganese vs magnesium,3600,7,2565,39
https://www.performancelab.com/blogs/sleep/can-magnesium-cause-headaches,257,can magnesium cause headaches,2600,10,1236,50
https://www.performancelab.com/blogs/nutrition/what-foods-contain-vitamin-d,252,vitamin d foods,43000,19,568,23
https://www.performancelab.com/blogs/pre-lab-pro/creatine-before-or-after-workout-when-should-you-take-it,231,creatine before or after workout for muscle gain,2400,10,661,51
https://www.performancelab.com/blogs/nutrition/does-creatine-make-you-bloated,227,does creatine make you bloated,5800,11,742,18
https://www.performancelab.com/blogs/sleep/melatonin-and-alcohol,225,melatonin and alcohol,6000,13,2184,78
https://www.performancelab.com/blogs/multi/best-multivitamin-for-men,0,best multivitamin for men,29000,23,0,77
