https://shortenurls.eu/share/122063;nationalfosteringgroup.co.uk;https://nationalfosteringgroup.co.uk/;0;true;1784109206;1789377854
https://shropshirebusinessdirectory.com/listing/sunflower-fostering/;https://www.nfa.co.uk/sunflower-fostering/office/sunflower-fostering/;https://www.nationalfosteringgroup.co.uk/sunflower-fostering/;0;false;1774302042;1785553348
https://shropshirebusinessdirectory.com/listing/sunflower-fostering/;Website;https://www.nationalfosteringgroup.co.uk/sunflower-fostering/;0;true;1774302042;1785553348
https://sidarma88gacor.shop/crawl-index-network/reliable-pbn-backlinks-to-raise-domain-rating-build-lasting-authority-for-competitive-serp-results-14a416.html;Professional SEO Authority Backlinks for nfa.co.uk to Strengthen Your Link Profile. Outrank Your Competitors, for Competitive SERP Results.;https://www.nationalfosteringgroup.co.uk/;0;false;1789864165;1789864165
https://simmekuchnie.pl/t9w7ypcs/kazakhstan---first-league-table.html;Respite care for children with special needs;https://www.nationalfosteringgroup.co.uk/thinking-about-fostering/types-of-foster-care/stayover-care/;0;false;1780921435;1788027792
https://simmekuchnie.pl/t9w7ypcs/overnight-respite-care-for-disabled-child.html;Respite care for children with special needs;https://www.nationalfosteringgroup.co.uk/thinking-about-fostering/types-of-foster-care/stayover-care/;0;false;1781615127;1786848160
https://sisusan88ax.shop/link-profile-hub/proven-seo-authority-backlinks-designed-to-improve-da-dr-and-tf-drive-qualified-visitors-for-long-term-seo-results-bbfb52.html;Professional Manual Outreach Backlinks for nationalfosteringgroup.co.uk for Higher DA and DR Scores. Grow Search Traffic, with Safe Link Velocity.;https://nationalfosteringgroup.co.uk/;0;false;1789896164;1789896164
https://sites.jake.eu/share/36700;nfa.co.uk;https://www.nationalfosteringgroup.co.uk/;0;true;1771511386;1776821865
https://sitesnewses.com/crafting-compelling-brand-stories-the-strategies-for-the-british-businesses/;nfa;https://www.nationalfosteringgroup.co.uk/;0;false;1771134060;1777024587
https://skylinkseo.site/artie-lange-laughter-pain-and-the-battle-behind-the-microphone/;nfa.co.uk;https://www.nationalfosteringgroup.co.uk/;0;true;1771040468;1778405058
https://skylinkseo.site/ford-transit-the-iconic-commercial-vehicle/;nfa.co.uk;https://www.nationalfosteringgroup.co.uk/;0;true;1771538406;1776823267
https://skylinkseo.site/lead-generation-a-practical-guide-for-business-growth/;nfa.co.uk;https://www.nationalfosteringgroup.co.uk/;0;true;1771075842;1778384451
https://skylinkseo.site/leukoplakia-causes-symptoms-and-treatment-explained/;nfa.co.uk;https://www.nationalfosteringgroup.co.uk/;0;true;1771151996;1778329056
https://skylinkseo.site/student-motivation-tips-to-stay-focused-and-achieve-success/;nfa.co.uk;https://www.nationalfosteringgroup.co.uk/;0;true;1770993870;1778355631
https://smartstimer.com/all/2031/23.html;High Quality Dofollow Backlinks DA 50 PA 40 Premium PBN Network Service nationalfosteringgroup.co.uk Rank First Page Google Fast SEO Link Building Buy Backlinks Online Cheap;https://nationalfosteringgroup.co.uk/;0;false;1788729773;1788729773
https://snapiy.com/improve-your-google-image-rankings-increase-serps-rank-and-get-to-page-1-in-10-steps/;nfa.co.uk;https://www.nationalfosteringgroup.co.uk/;0;false;1772593002;1777877392
https://southfwb.com/all/2031/23.html;High Quality Dofollow Backlinks DA 50 PA 40 Premium PBN Network Service nationalfosteringgroup.co.uk Rank First Page Google Fast SEO Link Building Buy Backlinks Online Cheap;https://nationalfosteringgroup.co.uk/;0;false;1788771513;1788771513
https://sponsoredjobs.co.uk/jobs/supervising-social-worker-at-national-fostering-group;https://www.nationalfosteringgroup.co.uk/reach-out-care/;https://www.nationalfosteringgroup.co.uk/reach-out-care/;0;false;1782872979;1785838215
https://sponsoredjobs.co.uk/jobs/supervising-social-worker-at-national-fostering-group;https://www.nationalfosteringgroup.co.uk/national-fostering-agency/south-east/;https://www.nationalfosteringgroup.co.uk/national-fostering-agency/south-east/;0;false;1779538010;1780730137
https://sponsoredjobs.co.uk/jobs/supervising-social-worker-at-national-fostering-group;https://www.nationalfosteringgroup.co.uk/fostering-relations/;https://www.nationalfosteringgroup.co.uk/fostering-relations/;0;false;1780296549;1790070547
https://starcourts.com/crafting-compelling-brand-stories-the-strategies-for-the-british-businesses/;nfa;https://www.nationalfosteringgroup.co.uk/;0;false;1771839478;1773587787
https://starcourts.com/creative-writing-journal-5-biggest-mistakes-that-make-using-a-creative-writing-journal-ineffective/;nfa;https://www.nationalfosteringgroup.co.uk/;0;false;1772539657;1774295619
https://starcourts.com/e-mail-marketing-software-and-how-it-can-help-you-in-your-marketing-efforts/;nfa;https://www.nationalfosteringgroup.co.uk/;0;false;1772330820;1780175885
https://takes.homes/domain/domain/part/165376;nationalfosteringgroup.co.uk;https://nationalfosteringgroup.co.uk/;0;true;1775478573;1787378592
https://takes.homes/domain/domain/part/168027;nfa.co.uk;https://www.nationalfosteringgroup.co.uk/;0;true;1772633377;1789765356
https://takes.sbs/domain/domain/part/165376;nationalfosteringgroup.co.uk;https://nationalfosteringgroup.co.uk/;0;true;1767116725;1789512401
https://takes.sbs/domain/domain/part/168027;nfa.co.uk;https://www.nationalfosteringgroup.co.uk/;0;true;1774466884;1789883850
https://techbumppy.com/all/2031/23.html;High Quality Dofollow Backlinks DA 50 PA 40 Premium PBN Network Service nationalfosteringgroup.co.uk Rank First Page Google Fast SEO Link Building Buy Backlinks Online Cheap;https://nationalfosteringgroup.co.uk/;0;false;1789237330;1789237330
https://thearticletime.com/how-interactive-campaigns-increase-retention-in-digital-assistants/;nfa;https://www.nationalfosteringgroup.co.uk/;0;false;1772447436;1777357383
https://thebigfreezefestival.com.au/nebraska/reach-out-foster-care.html;Reach Out Care - Reach Out Care;https://www.nationalfosteringgroup.co.uk/reach-out-care/;0;true;1782051459;1788746159
https://thedocmag.com/all/2031/23.html;High Quality Dofollow Backlinks DA 50 PA 40 Premium PBN Network Service nationalfosteringgroup.co.uk Rank First Page Google Fast SEO Link Building Buy Backlinks Online Cheap;https://nationalfosteringgroup.co.uk/;0;false;1789263692;1789263692
https://thedocmag.com/all/2064/26.html;High Quality Dofollow Backlinks DA 50 PA 40 Premium PBN Network Service nfa.co.uk Rank First Page Google Fast SEO Link Building Buy Backlinks Online Cheap;https://www.nationalfosteringgroup.co.uk/;0;false;1789785609;1789785609
https://theforbestimes.com/guest-post-network/high-quality-high-da-backlinks-to-raise-domain-rating-grow-search-traffic-and-grow-your-business-online-612a3a.html;High Quality Dofollow Backlinks DA 50 PA 40 Premium PBN Network Service nationalfosteringgroup.co.uk Rank First Page Google Fast SEO Link Building Buy Backlinks Online Cheap;https://nationalfosteringgroup.co.uk/;0;false;1788468948;1789391831
https://themicrodigits.com/trust-flow-directory/powerful-white-hat-seo-links-designed-to-improve-da-dr-and-tf-strengthen-website-reputation-for-competitive-serp-results-705255.html;High Quality Dofollow Backlinks DA 50 PA 40 Premium PBN Network Service nationalfosteringgroup.co.uk Rank First Page Google Fast SEO Link Building Buy Backlinks Online Cheap;https://nationalfosteringgroup.co.uk/;0;false;1788473346;1789392250
https://themodernmomlounge.com/get-smart-boost-your-childs-academic-performance/;set up a reward system;https://www.nationalfosteringgroup.co.uk/news-and-blog/how-to-use-a-rewards-chart-successfully/;0;false;1787147071;1788897692
https://tokyopush188.online/domain-authority-tools/professional-pbn-backlinks-to-boost-domain-authority-secure-first-page-positions-across-every-niche-and-market-7a7d58.html;Professional SEO Authority Backlinks for nfa.co.uk to Strengthen Your Link Profile. Outrank Your Competitors, for Competitive SERP Results.;https://www.nationalfosteringgroup.co.uk/;0;false;1790033575;1790033575
https://top5casino.online/link-profile-hub/powerful-pbn-backlinks-to-increase-trust-flow-drive-qualified-visitors-and-grow-your-business-online-536dc2.html;Professional Manual Outreach Backlinks for nationalfosteringgroup.co.uk for Higher DA and DR Scores. Grow Search Traffic, with Safe Link Velocity.;https://nationalfosteringgroup.co.uk/;0;false;1789931805;1789931805
https://toparticlesdirectory.com/you-can-cut-food-costs-buy-store-and-private-label-brands/;nfa;https://www.nationalfosteringgroup.co.uk/;0;false;1771607284;1773343042
https://topbacklinks.pro/explore-our-best-link-building-packages-today-293/;nationalfosteringgroup.co.uk;https://nationalfosteringgroup.co.uk/;0;false;1769178256;1773378952
https://topbilliondirectory.com/website-new-list1536/;nfa;https://www.nationalfosteringgroup.co.uk/;0;false;1771183619;1773820786
https://toptohigh.com/blog/what-search-engine-marketing-services-can-do-for-your-business-393/;https://nfa.co.uk;https://www.nationalfosteringgroup.co.uk/;0;false;1777806403;1780341915
https://toptohigh.com/e-mail-marketing-software-and-how-it-can-help-you-in-your-marketing-efforts/;nfa;https://www.nationalfosteringgroup.co.uk/;0;false;1790017764;1790017764
https://tunca.org/dda5d0bda31dba30ed10120235e4954c-l/;nfa.co.uk;https://www.nationalfosteringgroup.co.uk/;0;false;1773780324;1777166852
https://uaewebdirectory.info/page-bcc8ad9b34d81dcce0624ee06d17aa4d.html;reachoutcare.co.uk;https://www.nationalfosteringgroup.co.uk/reach-out-care/office/newton-aycliffe/?agency_referrer=reachoutcarefosteringservices.co.uk;0;false;1770711507;1784816360
https://ufabettererm4.com/all/2031/23.html;High Quality Dofollow Backlinks DA 50 PA 40 Premium PBN Network Service nationalfosteringgroup.co.uk Rank First Page Google Fast SEO Link Building Buy Backlinks Online Cheap;https://nationalfosteringgroup.co.uk/;0;false;1788132677;1789575293
https://ufabettererm4.com/all/2064/26.html;High Quality Dofollow Backlinks DA 50 PA 40 Premium PBN Network Service nfa.co.uk Rank First Page Google Fast SEO Link Building Buy Backlinks Online Cheap;https://www.nationalfosteringgroup.co.uk/;0;false;1789902169;1789902169
https://ukemploymentagency.online/town.php?town=Ashburton;Visit Website;https://www.nationalfosteringgroup.co.uk/pathway-care/;0;true;1783086474;1788753405
https://urls-shortener.eu/share/36700;nfa.co.uk;https://www.nationalfosteringgroup.co.uk/;0;true;1777336623;1777336623
https://us-hair1.news/life/inspirational-women/foster-mum-at-75/;Fostering Solutions;https://www.nationalfosteringgroup.co.uk/fostering-solutions/;0;false;1788086814;1789480191
https://voicesoffostering.buzzsprout.com/2087679/episodes/18597090-casey-the-power-of-lived-experience-in-foster-care-work;here;https://www.nationalfosteringgroup.co.uk/podcast/;0;false;1774762950;1775450933
https://voicesoffostering.buzzsprout.com/2087679/episodes/18597097-scott-patience-progress-and-second-chances;here;https://www.nationalfosteringgroup.co.uk/podcast/;0;false;1774729844;1775267215
https://voicesoffostering.buzzsprout.com/2087679/episodes/18699899-tim-a-ceo-s-view-on-foster-care;Visit our Website page;http://www.nationalfosteringgroup.co.uk/;0;false;1776397133;1777812722
https://voicesoffostering.buzzsprout.com/2087679/episodes/18699902-callum-blue-light-careers-and-fostering;Visit our Website page;http://www.nationalfosteringgroup.co.uk/;0;false;1775660987;1778713011
https://voicesoffostering.buzzsprout.com/2087679/episodes/18699905-carole-and-john-finding-each-other-fostering-together;Visit our Website page;http://www.nationalfosteringgroup.co.uk/;0;false;1775918512;1777679320
https://voicesoffostering.buzzsprout.com/2087679/episodes/18863300-scott-solo-ready-and-open-to-give-back;Visit our Website page;http://www.nationalfosteringgroup.co.uk/;0;false;1777323977;1778157304
https://voicesoffostering.buzzsprout.com/2087679/episodes/18863302-joel-family-firsts-and-letting-go;Visit our Website page;http://www.nationalfosteringgroup.co.uk/;0;false;1777572134;1778693946
https://voicesoffostering.buzzsprout.com/2087679/episodes/19203662-stephen-life-as-a-stay-over-foster-carer;here;https://www.nationalfosteringgroup.co.uk/;0;false;1785888704;1788387191
https://voicesoffostering.buzzsprout.com/2087679/episodes/19390552-fiza-12-years-of-therapeutic-fostering-and-lasting-bonds;here;https://www.nationalfosteringgroup.co.uk/;0;false;1785898505;1789085277
https://voicesoffostering.buzzsprout.com/2087679/episodes/19520629-kerry-from-care-to-caring;here;https://www.nationalfosteringgroup.co.uk/;0;false;1789489068;1789508086
https://voicesoffostering.buzzsprout.com/2087679/episodes/19520632-natalie-little-moments-big-changes;here;https://www.nationalfosteringgroup.co.uk/;0;false;1789512680;1789519006
https://voicesoffostering.buzzsprout.com/2087679/episodes/19520633-lisa-inside-fostertalk-s-support-for-carers;here;https://www.nationalfosteringgroup.co.uk/;0;false;1789674294;1789692760
https://wallpapers.pro/dda5d0bda31dba30ed10120235e4954c-l/;nfa.co.uk;https://www.nationalfosteringgroup.co.uk/;0;false;1771902394;1777498319
https://wants.cfd/domain/domain/part/165376;nationalfosteringgroup.co.uk;https://nationalfosteringgroup.co.uk/;0;true;1774660008;1789318664
https://wants.cfd/domain/domain/part/165376/;nationalfosteringgroup.co.uk;https://nationalfosteringgroup.co.uk/;0;true;1781182319;1781182319
https://wants.cfd/domain/domain/part/165376/lan/ar;nationalfosteringgroup.co.uk;https://nationalfosteringgroup.co.uk/;0;true;1781907197;1781907197
https://wants.cfd/domain/domain/part/168027;nfa.co.uk;https://www.nationalfosteringgroup.co.uk/;0;true;1771512478;1776936199
https://wants.cfd/domain/domain/part/168027/;nfa.co.uk;https://www.nationalfosteringgroup.co.uk/;0;true;1775744193;1775744193
https://way2check.cv/page-4002d72ef25df4e15f8a7acfd0a49bd5.html;nfa.co.uk;https://www.nationalfosteringgroup.co.uk/;0;false;1771404356;1789992620
https://wayranks.com/print-vs-internet-marketing-get-the-highest-return-on-investment-1716/;nfa;https://www.nationalfosteringgroup.co.uk/;0;false;1771832525;1775314464
https://wayranks.com/techniques-for-your-internet-marketing-business/;nfa.co.uk;https://www.nationalfosteringgroup.co.uk/;0;false;1770997979;1774469444
https://wayranks.com/wordpress-seo-done-in-the-proper-manner-126/;nfa.co.uk;https://www.nationalfosteringgroup.co.uk/;0;false;1771758420;1778530274
https://wayseodirectory.com/crafting-compelling-brand-stories-the-strategies-for-the-british-businesses/;nfa;https://www.nationalfosteringgroup.co.uk/;0;false;1771496969;1776806379
https://wayseolinks.com/crafting-compelling-brand-stories-the-strategies-for-the-british-businesses/;nfa;https://www.nationalfosteringgroup.co.uk/;0;false;1771738964;1777051207
https://web.businessvocal.com/05/CbfzyqUJcX;visit heathfarmfostercare.com for latest info;https://www.nationalfosteringgroup.co.uk/;0;true;1770646383;1774932325
https://web.businessvocal.com/13/FXzaEmLAQD;visit nationalfosteringgroup.co.uk for latest info;https://nationalfosteringgroup.co.uk/;0;true;1757672638;1774932325
https://web.thecloudherald.com/13/FXzaEmLAQD;visit nationalfosteringgroup.co.uk for latest info;https://nationalfosteringgroup.co.uk/;0;true;1769671152;1788959145
https://webbys.pages.dev/40/HhZUmBpMDT;nfa.co.uk;https://www.nationalfosteringgroup.co.uk/;0;true;1772647980;1776235833
https://webranksdirectory.com/website-list-2394/;nfa.co.uk;https://www.nationalfosteringgroup.co.uk/;0;false;1789842616;1789842616
https://webranksite.com/6-hot-tips-for-mastering-pay-per-clicks-advertisings-on-yahoo/;nfa;https://www.nationalfosteringgroup.co.uk/;0;false;1772023954;1789865382
https://webranksite.com/crafting-compelling-brand-stories-the-strategies-for-the-british-businesses/;nfa;https://www.nationalfosteringgroup.co.uk/;0;false;1771822974;1789884775
https://webranksite.com/creative-writing-journal-5-biggest-mistakes-that-make-using-a-creative-writing-journal-ineffective/;nfa;https://www.nationalfosteringgroup.co.uk/;0;false;1771922702;1773676772
https://webranksite.com/restaurant-training-waitress-and-waiter-training-to-fuel-sales-for-hospitality-and-food-service/;nfa;https://www.nationalfosteringgroup.co.uk/;0;false;1772093123;1789775545
https://webseodirectory.com/crafting-compelling-brand-stories-the-strategies-for-the-british-businesses/;nfa;https://www.nationalfosteringgroup.co.uk/;0;false;1771195731;1777055227
https://website.bbp-mettle.co.uk/blog/how-john-started-a-community-initiative-from-his-spare-room/;National Fostering Group;https://www.nationalfosteringgroup.co.uk/thinking-about-fostering/support-and-benefits/financial-support/being-a-self-employed-foster-carer/;0;false;1775551490;1780301931
https://websitehubs.com/crafting-compelling-brand-stories-the-strategies-for-the-british-businesses/;nfa;https://www.nationalfosteringgroup.co.uk/;0;false;1770913609;1776877575
https://websiterace.com/dda5d0bda31dba30ed10120235e4954c-l/;nfa.co.uk;https://www.nationalfosteringgroup.co.uk/;0;false;1773605788;1777249639
https://websitesnewses.com/crafting-compelling-brand-stories-the-strategies-for-the-british-businesses/;nfa;https://www.nationalfosteringgroup.co.uk/;0;false;1771070818;1776955442
https://wecelebrities.com/all/2031/23.html;High Quality Dofollow Backlinks DA 50 PA 40 Premium PBN Network Service nationalfosteringgroup.co.uk Rank First Page Google Fast SEO Link Building Buy Backlinks Online Cheap;https://nationalfosteringgroup.co.uk/;0;false;1788174657;1788992444
https://win.wolverhampton.gov.uk/kb5/wolverhampton/directory/results.action?itemid=2IoUGGmmOM6Cy-gLZ6VUC1YF8MvsQR98sJH8Ept3OJsTzXk%24&nh=10&slaction=ADD&sr=800;Website;https://www.nationalfosteringgroup.co.uk/national-fostering-agency/midlands/;0;false;1783566016;1783566016
https://win.wolverhampton.gov.uk/kb5/wolverhampton/directory/results.action?itemid=2OnyuTLNShOpB2GpDPtGawYR4m75e0FHI8d0OqWn_nQ_--w%24&nh=10&slaction=ADD&sr=800;Website;https://www.nationalfosteringgroup.co.uk/national-fostering-agency/midlands/;0;false;1783220804;1783220804
https://win.wolverhampton.gov.uk/kb5/wolverhampton/directory/results.action?itemid=2_5JR_J6jNkjXKdxuHceHd9pZDNWLhj_jqKo8adBkx2VU4U%24&nh=10&slaction=ADD&sr=800;Website;https://www.nationalfosteringgroup.co.uk/national-fostering-agency/midlands/;0;false;1783322397;1783322397
https://win.wolverhampton.gov.uk/kb5/wolverhampton/directory/results.action?itemid=2cz3Qsu5PmGoq2nz9k0AQoecS7DHa3UV0L6UDHbwOUHL8lM%24&nh=10&slaction=ADD&sr=800;Website;https://www.nationalfosteringgroup.co.uk/national-fostering-agency/midlands/;0;false;1783107019;1783107019
https://win.wolverhampton.gov.uk/kb5/wolverhampton/directory/results.action?itemid=2eWaSQ3cfs50z5e3uh28FV6s75eNcrvZpuoztTBwa9rjhMc%24&nh=10&slaction=ADD&sr=800;Website;https://www.nationalfosteringgroup.co.uk/national-fostering-agency/midlands/;0;false;1783149800;1783149800
https://win.wolverhampton.gov.uk/kb5/wolverhampton/directory/results.action?itemid=2ofUgKmoi_XL6gCC22ds_Dn5cwKdZ2sYqlEneOoyXk-D_JU%24&nh=10&slaction=REMOVE&sr=800;Website;https://www.nationalfosteringgroup.co.uk/national-fostering-agency/midlands/;0;false;1783127514;1783127514
https://win.wolverhampton.gov.uk/kb5/wolverhampton/directory/results.action?itemid=3hQlLlaZOEhrS-X22PnLV4Xt9HDs5VT6tKT13ICS_8oFVHo%24&nh=10&slaction=REMOVE&sr=800;Website;https://www.nationalfosteringgroup.co.uk/national-fostering-agency/midlands/;0;false;1783077499;1783077499
https://win.wolverhampton.gov.uk/kb5/wolverhampton/directory/results.action?itemid=gDZ2tQun3MT81K8Gz_DZurA0QNVwC0QQ4F06tTcozaEsGKk%24&nh=10&slaction=ADD&sr=800;Website;https://www.nationalfosteringgroup.co.uk/national-fostering-agency/midlands/;0;false;1783594900;1783594900
https://win.wolverhampton.gov.uk/kb5/wolverhampton/directory/results.action?itemid=goD__ItYs7U1OSK2KdVE3NIK-Ein3E0aw6GBtha0WbSqV1c%24&nh=10&slaction=REMOVE&sr=800;Website;https://www.nationalfosteringgroup.co.uk/national-fostering-agency/midlands/;0;false;1783634750;1783634750
https://win.wolverhampton.gov.uk/kb5/wolverhampton/directory/results.action?itemid=gr7YDIELhiz1m-3LPL4bDNDP47Ol3PjnMcHPeBz-xbP3FBY%24&nh=10&slaction=REMOVE&sr=800;Website;https://www.nationalfosteringgroup.co.uk/national-fostering-agency/midlands/;0;false;1783437196;1783437196
https://win.wolverhampton.gov.uk/kb5/wolverhampton/directory/results.action?itemid=griOrrf0E2WVMKm354-8mXl30oplPiUOt-pjmtgJKbnDTHE%24&nh=10&slaction=ADD&sr=800;Website;https://www.nationalfosteringgroup.co.uk/national-fostering-agency/midlands/;0;false;1783638777;1783638777
https://win.wolverhampton.gov.uk/kb5/wolverhampton/directory/results.action?itemid=h0mW3TyvqsHlA0MS_O4PSOtjI6E89ZTjroLMARMuetpSjNY%24&nh=10&slaction=ADD&sr=800;Website;https://www.nationalfosteringgroup.co.uk/national-fostering-agency/midlands/;0;false;1783414789;1783414789
