anchor,url_from,url_to,first_seen,is_dofollow,root_name_source
Visit our Website page,https://voicesoffostering.buzzsprout.com/2087679/episodes/19052826-daniel-a-single-male-s-first-steps-as-a-foster-carer,http://www.nationalfosteringgroup.co.uk/,2026-07-02T05:09:06Z,1,buzzsprout.com
National Fostering Group,https://www.goodhousekeeping.com/uk/lifestyle/a69618365/empty-nest-fostering/,https://www.nationalfosteringgroup.co.uk/,2025-12-03T16:21:27Z,0,goodhousekeeping.com
here,https://pocketcasts.com/podcast/voices-of-fostering/f6170480-8f54-013b-f30d-0acc26574db2/callum-blue-light-careers-and-fostering/9ddf4f79-3486-4913-a4e4-00b5399168c8,https://www.nationalfosteringgroup.co.uk/,2026-05-18T22:03:18Z,1,pocketcasts.com
ODWIEDŹ STRONĘ,https://www.internetmatters.org/pl/inclusive-digital-safety/advice-for-parents-and-carers/supporting-children-in-care/connecting-and-sharing-online/,https://www.nationalfosteringgroup.co.uk/,2024-07-12T03:30:07Z,1,internetmatters.org
Website,https://zeno.fm/podcast/voices-of-fostering/,https://www.nationalfosteringgroup.co.uk/,2026-03-16T14:33:21Z,1,zeno.fm
Secure base,https://tweakers.net/geek/249232/thuisservers-laptopprijzen-en-avg-jubilea-tweakers-podcast-431.html,https://www.nationalfosteringgroup.co.uk/news-and-blog/using-the-secure-base-model-to-be-your-best-foster-parent/,2026-06-18T08:31:33Z,0,tweakers.net
https://www.nationalfosteringgroup.co.uk/,https://podimo.com/en/shows/voices-of-fostering/episode/6a26c063-2440-5594-9c51-0bfbc53645fb,https://www.nationalfosteringgroup.co.uk/,2026-08-06T22:54:06Z,1,podimo.com
National Fostering Group’s website,https://www.fwi.co.uk/farm-life/farming-families-and-the-future-of-foster-care,https://www.nationalfosteringgroup.co.uk/,2025-12-11T03:18:25Z,1,fwi.co.uk
National Fostering Group,https://familyinfo.buckinghamshire.gov.uk/send/preparing-adulthood/transition-guide/know-your-rights/,https://www.nationalfosteringgroup.co.uk/news-and-blog/understanding-special-educational-needs-for-foster-children/,2023-02-21T05:46:24Z,1,buckinghamshire.gov.uk
nfa.co.uk,https://prospeo.io/c/national-fostering-group-email-format,https://www.nationalfosteringgroup.co.uk/,2026-03-03T18:03:27Z,1,prospeo.io
"With Fiverr's help, my nationalfosteringgroup.co.uk's rankings improved significantly across multiple keywords 🎯",https://fiverr-quality-seo-at-affordable-rates.site/my-moz-da-soared-from-18-to-42-with-fiverr-service/,https://nationalfosteringgroup.co.uk/,2026-05-11T01:05:47Z,0,fiverr-quality-seo-at-affordable-rates.site
www.nationalfosteringgroup.co.uk,https://www.ireland-live.ie/national/couple-who-have-fostered-16-children-in-seven-years-say-you-dont-realise-how-rewarding-fostering-is-until-you-do-it-6613996,http://www.nationalfosteringgroup.co.uk/,2026-06-02T02:39:09Z,0,ireland-live.ie
https://www.nationalfosteringgroup.co.uk,https://www.sharpscot.co.uk/best-fostering-agencies-in-scotland/,https://www.nationalfosteringgroup.co.uk/,2025-10-22T05:34:47Z,1,sharpscot.co.uk
National Fostering Group,https://aff.org.uk/advice/family-life/adoption-and-fostering/,https://www.nationalfosteringgroup.co.uk/,2018-04-01T21:29:37Z,0,aff.org.uk
Link to website,https://www.pauselive.com/exhibitors/the-national-fostering-group,https://www.nationalfosteringgroup.co.uk/,2026-06-05T20:50:29Z,1,pauselive.com
ryancarefostering.com,https://www.companiesintheuk.co.uk/ltd/ryancare-fostering-south-east-1,https://www.nationalfosteringgroup.co.uk/ryancare/,2026-07-18T07:25:31Z,0,companiesintheuk.co.uk
NFA Wales,https://greatbritishfoodfestival.com/guide/,https://www.nationalfosteringgroup.co.uk/national-fostering-agency/wales/,2023-07-08T08:44:08Z,1,greatbritishfoodfestival.com
High Quality Dofollow Backlinks DA 50 PA 40 Premium PBN Network Service nationalfosteringgroup.co.uk Rank First Page Google Fast SEO Link Building Buy Backlinks Online Cheap,https://m98ufa.com/all/912/14.html,https://nationalfosteringgroup.co.uk/,2026-09-03T12:10:29Z,1,m98ufa.com
nationalfosteringgroup.co.uk,https://bye.fyi/report/122063,https://nationalfosteringgroup.co.uk/,2025-03-24T07:14:31Z,0,bye.fyi
nationalfosteringgroup.co.uk,https://quero.party/report/122063,https://nationalfosteringgroup.co.uk/,2025-04-12T22:16:19Z,0,quero.party
High Quality Dofollow Backlinks DA 50 PA 40 Premium PBN Network Service nationalfosteringgroup.co.uk Rank First Page Google Fast SEO Link Building Buy Backlinks Online Cheap,https://toponlinegamblingcasinos.online/all/2031/23.html,https://nationalfosteringgroup.co.uk/,2026-09-09T16:07:20Z,1,toponlinegamblingcasinos.online
nationalfosteringgroup.co.uk,https://atomizelink.icu/report/122064,https://nationalfosteringgroup.co.uk/,2025-08-19T15:35:18Z,0,atomizelink.icu
nationalfosteringgroup.co.uk,https://byteshort.xyz/report/122064,https://nationalfosteringgroup.co.uk/,2026-08-02T20:52:54Z,0,byteshort.xyz
High Quality Dofollow Backlinks DA 50 PA 40 Premium PBN Network Service nationalfosteringgroup.co.uk Rank First Page Google Fast SEO Link Building Buy Backlinks Online Cheap,https://betulcrime.com/all/2031/23.html,https://nationalfosteringgroup.co.uk/,2026-08-22T04:13:23Z,1,betulcrime.com
National Fostering Solutions in the UK,https://standupgirl.com/girl-help/scoop-on-adoption/,https://www.nationalfosteringgroup.co.uk/fostering-solutions/,2018-01-19T23:31:56Z,1,standupgirl.com
https://www.nationalfosteringgroup.co.uk/,https://www.childrenshealthscotland.org/resource/national-fostering-agency/,https://www.nationalfosteringgroup.co.uk/,2025-02-25T21:30:38Z,1,childrenshealthscotland.org
nationalfosteringgroup.co.uk,https://dailymusings.top/stats/122063,https://nationalfosteringgroup.co.uk/,2026-08-06T18:38:36Z,0,dailymusings.top
nationalfosteringgroup.co.uk,https://sites.jake.eu/share/122063,https://nationalfosteringgroup.co.uk/,2026-08-14T10:56:41Z,0,jake.eu
Visit website,https://bizzr.uk/foster-care-service/gilnow/BL1-4AG/national-fostering-group/,https://www.nationalfosteringgroup.co.uk/,2026-03-19T22:43:37Z,0,bizzr.uk
"Strengthen nationalfosteringgroup.co.uk through premium guest posts, contextual backlinks, on-page and local SEO, conversion-focused web development, SaaS tools and automation tools for a measurable DR/DA/TF boost with full transparency. We also prioritize topical relevance, clean placement standards, sensible campaign pacing, and reporting that connects work to outcomes. · Web Rank Insights — ...",https://webrankinsights.shop/b8d33ba6d-ranking-stability-blueprint-b2b-rank-using-high-da-guest-posts-sidebar-links-long-term-seo-method-tools-tactics-and-insights-for-scalable-seo-performance/,https://nationalfosteringgroup.co.uk/,2026-07-21T07:21:17Z,0,webrankinsights.shop
"Take nationalfosteringgroup.co.uk to page one with premium guest posts, contextual backlinks, on-page and local SEO, conversion-focused web development, SaaS tools and automation tools — long-term DR/DA/TF gains with full transparency. Every delivery follows a structured plan for content relevance, link diversity, authority checks, traffic measurement, and ongoing optimization. · Domain Rank ...",https://domainrankacademy.shop/bc6e254aa-ranking-velocity-blueprint-ecommerce-rank-using-niche-edits-authority-link-packages-complete-implementation-guide-planning-testing-and-tracking-for-consistent-traffic-growth/,https://nationalfosteringgroup.co.uk/,2026-07-24T11:08:13Z,0,domainrankacademy.shop
"Scale nationalfosteringgroup.co.uk with guest posts, backlinks, on-page and local SEO, web development, SaaS tools and workflow automation tools, earning long-term DR/DA/TF gains across all markets. Every delivery follows a structured plan for content relevance, link diversity, authority checks, traffic measurement, and ongoing optimization. · Domain Rank Team — A dedicated specialist team for ...",https://domainrankteam.shop/6748363ec-pbn-backlinks-helped-mortgage-site-recovered-lost-traffic-fully-complete-case-study-data-real-world-action-plan-tools-tactics-and-insights-for-reliable-page-one-progress/,https://nationalfosteringgroup.co.uk/,2026-07-23T01:10:41Z,0,domainrankteam.shop
"Complete SEO for nationalfosteringgroup.co.uk: contextual backlinks, premium guest posts, on-page SEO, local SEO, custom web development, SaaS tools plus automation tools, delivering compounding DR/DA/TF with full transparency. Campaign quality is protected through manual review, realistic pacing, diversified sources, accurate reporting, and continuous performance checks. · Site Rank Builders — ...",https://siterankbuilders.shop/642b748ce-link-insertions-vs-editorial-links-law-firm-which-moves-rankings-faster-holds-longer-real-world-action-plan-quality-checks-and-reporting-for-competitive-serp-results/,https://nationalfosteringgroup.co.uk/,2026-07-26T04:43:55Z,0,siterankbuilders.shop
"Boost nationalfosteringgroup.co.uk using guest posts and backlinks, on-page SEO, local SEO, web development, SaaS integrations and automation tools for DR/DA/TF that climbs steadily worldwide. Campaign quality is protected through manual review, realistic pacing, diversified sources, accurate reporting, and continuous performance checks. · Link Collective — An expert collective focused on link ...",https://linkcollective.shop/cdfdaaa28-build-unstoppable-pharmaceutical-serp-traffic-services-editorial-links-traffic-playbook-advanced-growth-framework-mistakes-risks-and-solutions-for-reliable-page-one-progress/,https://nationalfosteringgroup.co.uk/,2026-07-24T04:11:44Z,0,linkcollective.shop
"Grow nationalfosteringgroup.co.uk with premium guest posts, contextual backlinks, on-page and local SEO, conversion-focused web development, SaaS tools and automation tools — a noticeable DR/DA/TF rise for new or established sites. The strategy also covers competitor research, natural anchor distribution, quality verification, and clear monthly performance reporting. · Rank SEO Masters — ...",https://rankseomasters.shop/fa9fdb6d7-used-sidebar-links-rebuilt-dr-after-domain-migration-legal-site-month-by-month-progress-proven-optimization-process-quality-checks-and-reporting-for-better-google-positions/,https://nationalfosteringgroup.co.uk/,2026-07-22T23:45:14Z,0,rankseomasters.shop
"Complete SEO for nationalfosteringgroup.co.uk: high-DR backlinks, editorial guest posts, on-page SEO, local SEO, web development, SaaS tools and automation tools, delivering rising DR/DA/TF scores worldwide. Each project is supported by careful prospect selection, manual quality checks, balanced link velocity, and measurable ranking analysis. · Page SEO Results — A results-focused platform for ...",https://pageseoresults.shop/01bca8bca-ranking-recovery-blueprint-fintech-rank-using-link-insertions-web-development-complete-implementation-guide-examples-metrics-and-lessons-for-reliable-page-one-progress/,https://nationalfosteringgroup.co.uk/,2026-07-24T05:03:45Z,0,pageseoresults.shop
"Strengthen nationalfosteringgroup.co.uk through high-DR backlinks, editorial guest posts, on-page SEO, local SEO, web development, SaaS tools and automation tools for sustained DR/DA/TF uplift with full transparency. We strengthen the campaign with keyword mapping, source diversification, placement audits, performance benchmarks, and straightforward reporting. · SERP Collective — An expert ...",https://serpcollective.shop/bf6449205-build-unstoppable-medical-serp-local-seo-sidebar-links-traffic-playbook-complete-implementation-guide-quality-checks-and-reporting-for-sustainable-organic-growth/,https://nationalfosteringgroup.co.uk/,2026-07-24T01:28:44Z,0,serpcollective.shop
"For nationalfosteringgroup.co.uk, we deliver guest posts and backlinks, on-page SEO, local SEO, web development, SaaS integrations and automation tools — balanced DR/DA/TF growth in any language. Every delivery follows a structured plan for content relevance, link diversity, authority checks, traffic measurement, and ongoing optimization. · Domain Rank Partners — Trusted strategic partners ...",https://domainrankpartners.shop/f6afd8dec-authority-building-blueprint-travel-rank-using-automation-tools-pbn-backlinks-practical-execution-roadmap-quality-checks-and-reporting-for-sustainable-organic-growth/,https://nationalfosteringgroup.co.uk/,2026-08-07T03:08:09Z,0,domainrankpartners.shop
"For nationalfosteringgroup.co.uk, we deliver high-quality backlinks, guest posts, on-page and local SEO, custom web development, SaaS tools and automation tools — a clear DR/DA/TF lift for any industry. We also prioritize topical relevance, clean placement standards, sensible campaign pacing, and reporting that connects work to outcomes. · Link SEO Network — A connected professional network ...",https://linkseonetwork.shop/37e9e30d7-45-day-crowd-links-case-study-b2b-placements-anchors-rankings-advanced-growth-framework-tools-tactics-and-insights-for-stronger-domain-authority/,https://nationalfosteringgroup.co.uk/,2026-08-09T07:10:31Z,0,linkseonetwork.shop
"Complete SEO for nationalfosteringgroup.co.uk: contextual backlinks, premium guest posts, on-page SEO, local SEO, custom web development, SaaS tools plus automation tools, delivering sustained DR/DA/TF uplift with clean reporting. Campaign quality is protected through manual review, realistic pacing, diversified sources, accurate reporting, and continuous performance checks. · SEO Growth Pipeline ...",https://seogrowthpipeline.shop/2df56ab6f-algorithm-hit-to-full-recovery-legal-90-day-strategy-only-authority-link-packages-practical-execution-roadmap-quality-checks-and-reporting-for-competitive-serp-results/,https://nationalfosteringgroup.co.uk/,2026-07-19T06:41:25Z,0,seogrowthpipeline.shop
"Complete SEO for nationalfosteringgroup.co.uk: premium guest posts, contextual backlinks, on-page and local SEO, conversion-focused web development, SaaS tools and automation tools, delivering durable DR/DA/TF gains for any business size. We strengthen the campaign with keyword mapping, source diversification, placement audits, performance benchmarks, and straightforward reporting. · Backlink ...",https://backlinkmasters.shop/a621010ae-18-month-crowd-links-journey-health-page3-to-page1-complete-implementation-guide-examples-metrics-and-lessons-for-sustainable-organic-growth/,https://nationalfosteringgroup.co.uk/,2026-07-19T07:13:11Z,0,backlinkmasters.shop
"Everything nationalfosteringgroup.co.uk needs: premium guest posts, high-quality backlinks, on-page SEO, local SEO, web development, SaaS tools and automation tools — a measurable DR/DA/TF boost for local or global targets. Results are supported by relevant placements, sensible link velocity, documented checks, competitor comparisons, and clear evidence of progress. · 1cc9933eb",https://seolinktoolkit.shop/1cc9933eb-dofollow-backlinks-helped-finance-site-doubled-organic-revenue-90-days-complete-case-study-data-step-by-step-strategy-cost-timeline-and-results-for-higher-search-visibility/,https://nationalfosteringgroup.co.uk/,2026-07-19T15:17:24Z,0,seolinktoolkit.shop
"Power up nationalfosteringgroup.co.uk: guest posts, backlinks, on-page and local SEO, web development, SaaS tools and workflow automation tools for a healthier DR/DA/TF profile across any niche. Every delivery follows a structured plan for content relevance, link diversity, authority checks, traffic measurement, and ongoing optimization. · Organic Rank Direct — Direct managed solutions for ...",https://organicrankdirect.shop/f0e4ca616-18-month-automation-tools-journey-dental-dr5-to-dr40-real-world-action-plan-mistakes-risks-and-solutions-for-reliable-page-one-progress/,https://nationalfosteringgroup.co.uk/,2026-07-21T07:36:44Z,0,organicrankdirect.shop
"nationalfosteringgroup.co.uk: high-DR backlinks, editorial guest posts, on-page SEO, local SEO, web development, SaaS tools and automation tools, all driving higher DR/DA/TF across the board for any business size. The service also includes technical review, content alignment, backlink-quality screening, conversion considerations, and transparent milestone reporting. · SEO Boost Systems — ...",https://seoboostsystems.shop/8f26853c9-used-crowd-links-doubled-organic-revenue-90-days-healthcare-site-month-by-month-progress-measurable-results-blueprint-authority-traffic-and-conversions-for-lasting-ranking-improvements/,https://nationalfosteringgroup.co.uk/,2026-07-23T14:19:31Z,0,seoboostsystems.shop
"Power up nationalfosteringgroup.co.uk: premium guest posts, contextual backlinks, on-page and local SEO, conversion-focused web development, SaaS tools and automation tools for DR/DA/TF gains that hold built to last. We strengthen the campaign with keyword mapping, source diversification, placement audits, performance benchmarks, and straightforward reporting. · Organic Rank Systems — Advanced ...",https://organicranksystems.shop/0d94b7b59-dr-growth-blueprint-financial-advisory-rank-using-dr-boost-services-automation-tools-proven-optimization-process-tools-tactics-and-insights-for-stronger-domain-authority/,https://nationalfosteringgroup.co.uk/,2026-07-23T07:47:09Z,0,organicranksystems.shop
"Boost nationalfosteringgroup.co.uk using guest posts, backlinks, on-page and local SEO, web development, SaaS tools and workflow automation tools for long-term DR/DA/TF gains tailored to your vertical. We strengthen the campaign with keyword mapping, source diversification, placement audits, performance benchmarks, and straightforward reporting. · Site Rank Academy — A learning and strategy ...",https://siterankacademy.shop/0eab34524-30-day-local-seo-journey-insurance-page5-to-top3-rankings-long-term-seo-method-cost-timeline-and-results-for-lasting-ranking-improvements/,https://nationalfosteringgroup.co.uk/,2026-07-23T03:35:33Z,0,siterankacademy.shop
"Rank nationalfosteringgroup.co.uk higher with guest posts and backlinks, on-page SEO, local SEO, web development, SaaS integrations and automation tools — balanced DR/DA/TF growth with full transparency. Every campaign includes niche-relevance checks, diversified anchor planning, placement review, and transparent progress tracking. · Search Rank Group — A professional services group for ...",https://searchrankgroup.shop/f632e1359-saas-tools-recovered-lost-traffic-fully-healthcare-money-site-every-dollar-ranking-tracked-proven-optimization-process-research-execution-and-analysis-for-lasting-ranking-improvements/,https://nationalfosteringgroup.co.uk/,2026-07-21T08:24:50Z,0,searchrankgroup.shop
"For nationalfosteringgroup.co.uk, we deliver guest posts, backlinks, on-page and local SEO, web development, SaaS tools and workflow automation tools — a measurable DR/DA/TF boost worldwide. The strategy also covers competitor research, natural anchor distribution, quality verification, and clear monthly performance reporting. · Link Growth Insights — Research, guidance and practical insights ...",https://linkgrowthinsights.shop/dd8e012fc-page1-rankings-ecommerce-only-traffic-services-possible-2025-real-experiment-practical-execution-roadmap-quality-checks-and-reporting-for-stronger-domain-authority/,https://nationalfosteringgroup.co.uk/,2026-07-22T22:05:25Z,0,linkgrowthinsights.shop
"Boost nationalfosteringgroup.co.uk using premium guest posts, high-quality backlinks, on-page SEO, local SEO, web development, SaaS tools and automation tools for sustained DR/DA/TF uplift with clean reporting. The plan remains focused on natural relevance, credible sources, balanced optimization, measurable search gains, and sustainable long-term execution. · Page SEO Express — Fast, focused ...",https://pageseoexpress.shop/474d98826-traffic-recovery-blueprint-ecommerce-rank-using-homepage-links-link-insertions-measurable-results-blueprint-research-execution-and-analysis-for-sustainable-organic-growth/,https://nationalfosteringgroup.co.uk/,2026-07-23T04:21:27Z,0,pageseoexpress.shop
"Power up nationalfosteringgroup.co.uk: backlinks and guest posts, on-page SEO, local SEO, custom web development, SaaS integrations and automation tools for higher DR/DA/TF across the board for new or established sites. The service also includes technical review, content alignment, backlink-quality screening, conversion considerations, and transparent milestone reporting. · SEO Growth Results — ...",https://seogrowthresults.shop/72b0a86d4-on-page-seo-recovered-lost-traffic-fully-real-estate-money-site-every-dollar-ranking-tracked-advanced-growth-framework-cost-timeline-and-results-for-higher-search-visibility/,https://nationalfosteringgroup.co.uk/,2026-08-04T21:08:10Z,0,seogrowthresults.shop
"Rank nationalfosteringgroup.co.uk higher with backlinks and guest posts, on-page SEO, local SEO, custom web development, SaaS integrations and automation tools — stronger DR, DA and TF for local or global targets. We also prioritize topical relevance, clean placement standards, sensible campaign pacing, and reporting that connects work to outcomes. · Rank SEO Junction — A strategy junction ...",https://rankseojunction.shop/049526581-page10-to-industry-leading-serp-finance-60-day-strategy-only-link-insertions-long-term-seo-method-budget-links-and-content-for-lasting-ranking-improvements/,https://nationalfosteringgroup.co.uk/,2026-07-23T09:39:14Z,0,rankseojunction.shop
"Scale nationalfosteringgroup.co.uk with premium guest posts, high-quality backlinks, on-page SEO, local SEO, web development, SaaS tools and automation tools, earning higher DR/DA/TF across the board for any industry. The plan remains focused on natural relevance, credible sources, balanced optimization, measurable search gains, and sustainable long-term execution. · Page SEO Partners — Trusted ...",https://pageseopartners.shop/aac6feebc-page5-to-position1-local-business-30-day-strategy-only-sidebar-links-measurable-results-blueprint-tools-tactics-and-insights-for-competitive-serp-results/,https://nationalfosteringgroup.co.uk/,2026-07-23T02:38:52Z,0,pageseopartners.shop
"Grow nationalfosteringgroup.co.uk with guest posts, backlinks, on-page and local SEO, web development, SaaS tools and workflow automation tools — compounding DR/DA/TF with full transparency. Every campaign includes niche-relevance checks, diversified anchor planning, placement review, and transparent progress tracking. · Search Rank Builders — Growth builders specializing in keyword rankings, ...",https://searchrankbuilders.shop/a1fd2fb40-18-month-serp-climb-fintech-combined-authority-link-packages-guest-posts-position1-real-world-action-plan-research-execution-and-analysis-for-better-google-positions/,https://nationalfosteringgroup.co.uk/,2026-07-21T11:23:04Z,0,searchrankbuilders.shop
"Everything nationalfosteringgroup.co.uk needs: guest posts and backlinks, on-page SEO, local SEO, web development, SaaS integrations and automation tools — a measurable DR/DA/TF boost for any industry. Campaign quality is protected through manual review, realistic pacing, diversified sources, accurate reporting, and continuous performance checks. · Site Rank Solutions — Complete practical ...",https://siteranksolutions.shop/dbe9b79b9-best-niche-edits-finance-2025-compared-5-providers-roi-measurable-results-blueprint-mistakes-risks-and-solutions-for-sustainable-organic-growth/,https://nationalfosteringgroup.co.uk/,2026-07-23T08:50:39Z,0,siteranksolutions.shop
"Everything nationalfosteringgroup.co.uk needs: contextual backlinks, premium guest posts, on-page SEO, local SEO, custom web development, SaaS tools plus automation tools — compounding DR/DA/TF for every sector. Results are supported by relevant placements, sensible link velocity, documented checks, competitor comparisons, and clear evidence of progress. · SEO Link Company — A full-service ...",https://seolinkcompany.shop/cb8acdd07-best-high-da-guest-posts-local-business-2025-compared-10-providers-roi-real-world-action-plan-research-execution-and-analysis-for-reliable-page-one-progress/,https://nationalfosteringgroup.co.uk/,2026-07-24T02:26:01Z,0,seolinkcompany.shop
"Everything nationalfosteringgroup.co.uk needs: contextual backlinks, premium guest posts, on-page SEO, local SEO, custom web development, SaaS tools plus automation tools — real DR/DA/TF improvement for every sector. Every campaign includes niche-relevance checks, diversified anchor planning, placement review, and transparent progress tracking. · Top Rank Academy — A learning and strategy ...",https://toprankacademy.shop/bef6c9961-used-editorial-links-took-every-keyword-page1-ecommerce-site-month-by-month-progress-complete-implementation-guide-tools-tactics-and-insights-for-consistent-traffic-growth/,https://nationalfosteringgroup.co.uk/,2026-07-24T08:55:29Z,0,toprankacademy.shop
nationalfosteringgroup.co.uk,https://suttoninformationhub.org.uk/services/foster-care,https://www.nationalfosteringgroup.co.uk/national-fostering-agency/london-south/,2026-07-06T03:17:11Z,1,suttoninformationhub.org.uk
"Power up nationalfosteringgroup.co.uk: premium guest posts, contextual backlinks, on-page and local SEO, conversion-focused web development, SaaS tools and automation tools for real DR/DA/TF improvement with editorial standards. The plan remains focused on natural relevance, credible sources, balanced optimization, measurable search gains, and sustainable long-term execution. · Backlink Insights ...",https://backlinkinsights.shop/af31f0d98-best-web-development-b2b-2025-compared-5-providers-roi-proven-optimization-process-data-progress-and-outcomes-for-lasting-ranking-improvements/,https://nationalfosteringgroup.co.uk/,2026-07-24T00:03:00Z,0,backlinkinsights.shop
nationalfosteringgroup.co.uk,https://www.domains.com.bz/page/165376/,https://nationalfosteringgroup.co.uk/,2026-09-10T22:04:59Z,1,domains.com.bz
"Professional Manual Outreach Backlinks for nationalfosteringgroup.co.uk for Higher DA and DR Scores. Grow Search Traffic, with Safe Link Velocity.",https://bitproperty.online/link-placement-hub/premium-dofollow-link-building-to-strengthen-your-link-profile-improve-google-rankings-and-grow-your-business-online-de09c5.html,https://nationalfosteringgroup.co.uk/,2026-09-11T08:06:48Z,1,bitproperty.online
www.nationalfosteringgroup.co.uk,https://replaio.com/podcasts/voices-of-fostering-HWZNzY,https://www.nationalfosteringgroup.co.uk/,2026-07-27T22:58:47Z,0,replaio.com
visit nationalfosteringgroup.co.uk for latest info,https://web.businessvocal.com/13/FXzaEmLAQD,https://nationalfosteringgroup.co.uk/,2025-08-15T16:45:05Z,0,businessvocal.com
High Quality Dofollow Backlinks DA 50 PA 40 Premium PBN Network Service nationalfosteringgroup.co.uk Rank First Page Google Fast SEO Link Building Buy Backlinks Online Cheap,https://www.homesforsaleoldgreenwichct.com/all/2031/23.html,https://nationalfosteringgroup.co.uk/,2026-08-26T21:49:39Z,1,homesforsaleoldgreenwichct.com
High Quality Dofollow Backlinks DA 50 PA 40 Premium PBN Network Service nationalfosteringgroup.co.uk Rank First Page Google Fast SEO Link Building Buy Backlinks Online Cheap,https://kkinsider.com/all/2031/23.html,https://nationalfosteringgroup.co.uk/,2026-08-23T03:07:17Z,1,kkinsider.com
National Fostering Agency,https://fosteringmedicals.com/partnering-with-fostering-medicals/,https://www.nationalfosteringgroup.co.uk/,2023-08-01T23:29:11Z,1,fosteringmedicals.com
Form F assessment,https://www.vetrorecruitment.co.uk/blogs/what-does-a-supervising-social-worker-do/,https://www.nationalfosteringgroup.co.uk/thinking-about-fostering/becoming-a-foster-carer/form-f/,2026-03-17T02:19:19Z,1,vetrorecruitment.co.uk
FOSTER CARER ID CARD,https://www.cubbi.uk/how-it-works,https://www.nationalfosteringgroup.co.uk/thinking-about-fostering/support-and-benefits/carer-benefits-and-perks/,2024-05-01T08:38:37Z,1,cubbi.uk
What fostering allowances usually cover,https://www.speakymagazine.com/category/well-being/what-are-foster-allowances-and-what-do-they-cover/,https://www.nationalfosteringgroup.co.uk/thinking-about-fostering/support-and-benefits/financial-support/fostering-allowance/,2026-04-22T15:39:42Z,1,speakymagazine.com
High Quality Dofollow Backlinks DA 50 PA 40 Premium PBN Network Service nationalfosteringgroup.co.uk Rank First Page Google Fast SEO Link Building Buy Backlinks Online Cheap,http://libyanatravel.com/all/912/14.html,https://nationalfosteringgroup.co.uk/,2026-08-09T01:05:51Z,1,libyanatravel.com
The full article can be found here,https://jillwebbtraining.co.uk/common-childhood-accidents-are-you-prepared/,https://www.nationalfosteringgroup.co.uk/news-and-blog/10-common-childhood-accidents-and-how-to-avoid-them-in-your-home/,2025-02-15T02:34:17Z,1,jillwebbtraining.co.uk
nationalfosteringgroup.co.uk,https://www.ready.pro/stats/122064,https://nationalfosteringgroup.co.uk/,2026-07-19T01:57:06Z,0,ready.pro
Website,https://grep.fm/podcasts/voices-of-fostering/,http://www.nationalfosteringgroup.co.uk/,2026-09-13T13:32:36Z,0,grep.fm
High Quality Dofollow Backlinks DA 50 PA 40 Premium PBN Network Service nationalfosteringgroup.co.uk Rank First Page Google Fast SEO Link Building Buy Backlinks Online Cheap,https://theforbestimes.com/guest-post-network/high-quality-high-da-backlinks-to-raise-domain-rating-grow-search-traffic-and-grow-your-business-online-612a3a.html,https://nationalfosteringgroup.co.uk/,2026-09-10T05:08:14Z,1,theforbestimes.com
High Quality Dofollow Backlinks DA 50 PA 40 Premium PBN Network Service nationalfosteringgroup.co.uk Rank First Page Google Fast SEO Link Building Buy Backlinks Online Cheap,https://fastlifesite.com/all/2031/23.html,https://nationalfosteringgroup.co.uk/,2026-08-24T01:09:38Z,1,fastlifesite.com
Family Placement - National Fostering,https://theriversidecentre.org.uk/events/family-placement-foster-care-drop-in-session/,https://www.nationalfosteringgroup.co.uk/?fbclid=IwY2xjawQVWrlleHRuA2FlbQIxMABicmlkETBNcHNGdkFFS1Q3aHRsV1pWc3J0YwZhcHBfaWQQMjIyMDM5MTc4ODIwMDg5MgABHjvQ5tu6UjazUHBmE4lr9X1Tm2zp-GGk-ElVA11f0dgOVCv8VXp34hjyFPsK_aem_iW1p8qKYyxJonizT1x-Rvg,2026-05-07T20:36:05Z,1,theriversidecentre.org.uk
National Fostering Group UK,https://loveschoice.com/adoption-resources/,https://www.nationalfosteringgroup.co.uk/fostering-solutions/,2021-02-15T23:18:40Z,0,loveschoice.com
Fostering a Teenager in the UK,https://madlugfoundation.org/blogs/care-system-insights/3-reasons-to-foster-a-teenager,https://www.nationalfosteringgroup.co.uk/thinking-about-fostering/types-of-foster-care/fostering-teenagers/,2026-09-13T03:19:45Z,1,madlugfoundation.org
,http://www.jobsbasw.co.uk/job-link/4290/6818,https://www.nationalfosteringgroup.co.uk/fostering-solutions/south/,2026-08-26T09:41:20Z,1,jobsbasw.co.uk
High Quality Dofollow Backlinks DA 50 PA 40 Premium PBN Network Service nationalfosteringgroup.co.uk Rank First Page Google Fast SEO Link Building Buy Backlinks Online Cheap,https://wecelebrities.com/all/2031/23.html,https://nationalfosteringgroup.co.uk/,2026-09-04T22:37:39Z,1,wecelebrities.com
High Quality Dofollow Backlinks DA 50 PA 40 Premium PBN Network Service nationalfosteringgroup.co.uk Rank First Page Google Fast SEO Link Building Buy Backlinks Online Cheap,https://www.plrdownloadshub.com/all/2031/23.html,https://nationalfosteringgroup.co.uk/,2026-08-19T05:58:02Z,1,plrdownloadshub.com
Fostering a baby focuses on children aged 0-2,https://ledmain.com/lifestyle/six-types-of-foster-care/,https://www.nationalfosteringgroup.co.uk/thinking-about-fostering/types-of-foster-care/fostering-a-baby/,2026-03-27T05:50:07Z,1,ledmain.com
Employer's own pay gap report,https://huntukvisasponsors.com/company/national-fostering-group-limited-mpliztkd2hjc,https://www.nationalfosteringgroup.co.uk/about/gender-pay-gap/,2026-01-07T17:02:34Z,0,huntukvisasponsors.com
,https://immigrationgpt.co.uk/company/national-fostering-group-limited,https://www.nationalfosteringgroup.co.uk/,2025-12-11T03:18:43Z,1,immigrationgpt.co.uk
High Quality Dofollow Backlinks DA 50 PA 40 Premium PBN Network Service nationalfosteringgroup.co.uk Rank First Page Google Fast SEO Link Building Buy Backlinks Online Cheap,https://quotesblom.com/all/2031/23.html,https://nationalfosteringgroup.co.uk/,2026-08-03T01:33:59Z,1,quotesblom.com
High Quality Dofollow Backlinks DA 50 PA 40 Premium PBN Network Service nationalfosteringgroup.co.uk Rank First Page Google Fast SEO Link Building Buy Backlinks Online Cheap,https://plumeriamarketing.com/all/912/14.html,https://nationalfosteringgroup.co.uk/,2026-08-22T13:23:47Z,1,plumeriamarketing.com
High Quality Dofollow Backlinks DA 50 PA 40 Premium PBN Network Service nationalfosteringgroup.co.uk Rank First Page Google Fast SEO Link Building Buy Backlinks Online Cheap,https://www.archive-hu.com/all/2031/23.html,https://nationalfosteringgroup.co.uk/,2026-08-10T07:25:31Z,1,archive-hu.com
nationalfosteringgroup.co.uk,https://digitalboost.site/azls-get-ranking-on-1st-page-with-us,https://nationalfosteringgroup.co.uk/,2026-09-05T05:34:10Z,0,digitalboost.site
High Quality Dofollow Backlinks DA 50 PA 40 Premium PBN Network Service nationalfosteringgroup.co.uk Rank First Page Google Fast SEO Link Building Buy Backlinks Online Cheap,https://bestnz-poker-casinoslot.com/all/2031/23.html,https://nationalfosteringgroup.co.uk/,2026-08-04T15:52:53Z,1,bestnz-poker-casinoslot.com
Link to website,https://www.meno-pauseia.co.uk/exhibitors/the-national-fostering-group,https://www.nationalfosteringgroup.co.uk/,2026-06-09T13:15:56Z,1,meno-pauseia.co.uk
High Quality Dofollow Backlinks DA 50 PA 40 Premium PBN Network Service nationalfosteringgroup.co.uk Rank First Page Google Fast SEO Link Building Buy Backlinks Online Cheap,https://uncledspizza.com/domain-authority-tools/expert-dofollow-link-building-to-boost-domain-authority-drive-qualified-visitors-and-grow-your-business-online-f9faf4.html,https://nationalfosteringgroup.co.uk/,2026-09-09T19:51:56Z,1,uncledspizza.com
nationalfosteringgroup.co.uk,https://fastranking.shop/bjlg-get-ranking-on-1st-page-with-us,https://nationalfosteringgroup.co.uk/,2026-09-17T10:07:23Z,0,fastranking.shop
nationalfosteringgroup.co.uk,https://trafficexperts.site/chrf-get-ranking-on-1st-page-with-us,https://nationalfosteringgroup.co.uk/,2026-09-17T09:16:00Z,0,trafficexperts.site
nationalfosteringgroup.co.uk,https://organictraffic.site/aflg-get-ranking-on-1st-page-with-us,https://nationalfosteringgroup.co.uk/,2026-09-09T08:44:24Z,0,organictraffic.site
nationalfosteringgroup.co.uk,https://searchwins.shop/bsrz-get-ranking-on-1st-page-with-us,https://nationalfosteringgroup.co.uk/,2026-09-17T23:40:33Z,0,searchwins.shop
nationalfosteringgroup.co.uk,https://winningseo.site/akbl-get-ranking-on-1st-page-with-us,https://nationalfosteringgroup.co.uk/,2026-09-17T01:56:23Z,0,winningseo.site
nationalfosteringgroup.co.uk,https://eliteseo.site/ccgp-get-ranking-on-1st-page-with-us,https://nationalfosteringgroup.co.uk/,2026-09-16T22:54:31Z,0,eliteseo.site
nationalfosteringgroup.co.uk,https://rankfirst.shop/bvpn-get-ranking-on-1st-page-with-us,https://nationalfosteringgroup.co.uk/,2026-09-17T22:30:22Z,0,rankfirst.shop
nationalfosteringgroup.co.uk,https://topranking.shop/bdwz-get-ranking-on-1st-page-with-us,https://nationalfosteringgroup.co.uk/,2026-09-17T18:37:01Z,0,topranking.shop
nationalfosteringgroup.co.uk,https://growwithseo.shop/chco-get-ranking-on-1st-page-with-us,https://nationalfosteringgroup.co.uk/,2026-09-16T23:23:49Z,0,growwithseo.shop
nationalfosteringgroup.co.uk,https://getranked.site/aotz-get-ranking-on-1st-page-with-us,https://nationalfosteringgroup.co.uk/,2026-09-17T18:16:43Z,0,getranked.site
nationalfosteringgroup.co.uk,https://localranking.site/asyy-get-ranking-on-1st-page-with-us,https://nationalfosteringgroup.co.uk/,2026-09-09T10:18:19Z,0,localranking.site
High Quality Dofollow Backlinks DA 50 PA 40 Premium PBN Network Service nationalfosteringgroup.co.uk Rank First Page Google Fast SEO Link Building Buy Backlinks Online Cheap,https://www.dupurgeniefr.com/all/2031/23.html,https://nationalfosteringgroup.co.uk/,2026-08-11T07:33:37Z,1,dupurgeniefr.com
Heath Farm Fostering,https://www.kent-musictherapy.com/blank,https://www.nationalfosteringgroup.co.uk/heath-farm/,2026-04-15T23:43:01Z,1,kent-musictherapy.com
High Quality Dofollow Backlinks DA 50 PA 40 Premium PBN Network Service nationalfosteringgroup.co.uk Rank First Page Google Fast SEO Link Building Buy Backlinks Online Cheap,https://cgpa2percentag.com/all/2031/23.html,https://nationalfosteringgroup.co.uk/,2026-08-24T03:53:48Z,1,cgpa2percentag.com
"For nationalfosteringgroup.co.uk, we deliver high-quality backlinks, guest posts, on-page and local SEO, custom web development, SaaS tools and automation tools — balanced DR/DA/TF growth for any business size.",https://rankdeals.shop/5xx3d2z-ranking-stability-blueprint-fintech-rank-using-dr-boost-services-guest-posts/,https://nationalfosteringgroup.co.uk/,2026-06-28T03:25:52Z,0,rankdeals.shop
"For nationalfosteringgroup.co.uk, we deliver high-quality backlinks, guest posts, on-page and local SEO, custom web development, SaaS tools and automation tools — balanced DR/DA/TF growth for any business size.",https://rankoutlet.shop/5xx3d2z-ranking-stability-blueprint-fintech-rank-using-dr-boost-services-guest-posts/,https://nationalfosteringgroup.co.uk/,2026-06-22T06:15:41Z,0,rankoutlet.shop
"For nationalfosteringgroup.co.uk, we deliver high-quality backlinks, guest posts, on-page and local SEO, custom web development, SaaS tools and automation tools — balanced DR/DA/TF growth for any business size.",https://seotrove.shop/5xx3d2z-ranking-stability-blueprint-fintech-rank-using-dr-boost-services-guest-posts/,https://nationalfosteringgroup.co.uk/,2026-06-23T00:25:55Z,0,seotrove.shop
"Rank nationalfosteringgroup.co.uk higher with premium guest posts, contextual backlinks, on-page and local SEO, conversion-focused web development, SaaS tools and automation tools — compounding DR/DA/TF with proven results.",https://backlinkorbit.shop/cvh6bo5-45-day-serp-climb-dental-combined-press-release-links-contextual-backlinks-position1/,https://nationalfosteringgroup.co.uk/,2026-06-21T13:14:13Z,0,backlinkorbit.shop
"For nationalfosteringgroup.co.uk, we deliver high-quality backlinks, guest posts, on-page and local SEO, custom web development, SaaS tools and automation tools — balanced DR/DA/TF growth for any business size.",https://seobits.shop/5xx3d2z-ranking-stability-blueprint-fintech-rank-using-dr-boost-services-guest-posts/,https://nationalfosteringgroup.co.uk/,2026-06-18T03:57:23Z,0,seobits.shop
"Rank nationalfosteringgroup.co.uk higher with premium guest posts, contextual backlinks, on-page and local SEO, conversion-focused web development, SaaS tools and automation tools — compounding DR/DA/TF with proven results.",https://nexabacklinks.shop/cvh6bo5-45-day-serp-climb-dental-combined-press-release-links-contextual-backlinks-position1/,https://nationalfosteringgroup.co.uk/,2026-06-27T00:07:35Z,0,nexabacklinks.shop
"For nationalfosteringgroup.co.uk, we deliver high-quality backlinks, guest posts, on-page and local SEO, custom web development, SaaS tools and automation tools — balanced DR/DA/TF growth for any business size.",https://rankloot.shop/5xx3d2z-ranking-stability-blueprint-fintech-rank-using-dr-boost-services-guest-posts/,https://nationalfosteringgroup.co.uk/,2026-06-24T05:53:27Z,0,rankloot.shop
"For nationalfosteringgroup.co.uk, we deliver high-quality backlinks, guest posts, on-page and local SEO, custom web development, SaaS tools and automation tools — balanced DR/DA/TF growth for any business size.",https://seogo.shop/5xx3d2z-ranking-stability-blueprint-fintech-rank-using-dr-boost-services-guest-posts/,https://nationalfosteringgroup.co.uk/,2026-06-27T07:41:11Z,0,seogo.shop
"For nationalfosteringgroup.co.uk, we deliver high-quality backlinks, guest posts, on-page and local SEO, custom web development, SaaS tools and automation tools — balanced DR/DA/TF growth for any business size.",https://rankfinds.shop/5xx3d2z-ranking-stability-blueprint-fintech-rank-using-dr-boost-services-guest-posts/,https://nationalfosteringgroup.co.uk/,2026-06-28T13:14:33Z,0,rankfinds.shop
"For nationalfosteringgroup.co.uk, we deliver high-quality backlinks, guest posts, on-page and local SEO, custom web development, SaaS tools and automation tools — balanced DR/DA/TF growth for any business size.",https://seooutlet.shop/5xx3d2z-ranking-stability-blueprint-fintech-rank-using-dr-boost-services-guest-posts,https://nationalfosteringgroup.co.uk/,2026-07-03T04:49:25Z,0,seooutlet.shop
"For nationalfosteringgroup.co.uk, we deliver high-quality backlinks, guest posts, on-page and local SEO, custom web development, SaaS tools and automation tools — balanced DR/DA/TF growth for any business size.",https://rankmall.shop/5xx3d2z-ranking-stability-blueprint-fintech-rank-using-dr-boost-services-guest-posts/,https://nationalfosteringgroup.co.uk/,2026-07-26T06:51:30Z,0,rankmall.shop
"For nationalfosteringgroup.co.uk, we deliver high-quality backlinks, guest posts, on-page and local SEO, custom web development, SaaS tools and automation tools — balanced DR/DA/TF growth for any business size.",https://rankpicks.shop/5xx3d2z-ranking-stability-blueprint-fintech-rank-using-dr-boost-services-guest-posts/,https://nationalfosteringgroup.co.uk/,2026-07-08T17:58:37Z,0,rankpicks.shop
"For nationalfosteringgroup.co.uk, we deliver high-quality backlinks, guest posts, on-page and local SEO, custom web development, SaaS tools and automation tools — balanced DR/DA/TF growth for any business size.",https://seochest.shop/5xx3d2z-ranking-stability-blueprint-fintech-rank-using-dr-boost-services-guest-posts/,https://nationalfosteringgroup.co.uk/,2026-06-18T17:42:05Z,0,seochest.shop
"For nationalfosteringgroup.co.uk, we deliver high-quality backlinks, guest posts, on-page and local SEO, custom web development, SaaS tools and automation tools — balanced DR/DA/TF growth for any business size.",https://seoprime.shop/5xx3d2z-ranking-stability-blueprint-fintech-rank-using-dr-boost-services-guest-posts/,https://nationalfosteringgroup.co.uk/,2026-06-26T20:55:05Z,0,seoprime.shop
"Rank nationalfosteringgroup.co.uk higher with premium guest posts, contextual backlinks, on-page and local SEO, conversion-focused web development, SaaS tools and automation tools — compounding DR/DA/TF with proven results.",https://linksnexa.shop/cvh6bo5-45-day-serp-climb-dental-combined-press-release-links-contextual-backlinks-position1,https://nationalfosteringgroup.co.uk/,2026-06-30T18:39:05Z,0,linksnexa.shop
"For nationalfosteringgroup.co.uk, we deliver high-quality backlinks, guest posts, on-page and local SEO, custom web development, SaaS tools and automation tools — balanced DR/DA/TF growth for any business size.",https://seokart.shop/5xx3d2z-ranking-stability-blueprint-fintech-rank-using-dr-boost-services-guest-posts/,https://nationalfosteringgroup.co.uk/,2026-06-23T18:07:08Z,0,seokart.shop
"For nationalfosteringgroup.co.uk, we deliver high-quality backlinks, guest posts, on-page and local SEO, custom web development, SaaS tools and automation tools — balanced DR/DA/TF growth for any business size.",https://rankchest.shop/5xx3d2z-ranking-stability-blueprint-fintech-rank-using-dr-boost-services-guest-posts/,https://nationalfosteringgroup.co.uk/,2026-06-28T18:05:54Z,0,rankchest.shop
"For nationalfosteringgroup.co.uk, we deliver high-quality backlinks, guest posts, on-page and local SEO, custom web development, SaaS tools and automation tools — balanced DR/DA/TF growth for any business size.",https://seoloot.shop/5xx3d2z-ranking-stability-blueprint-fintech-rank-using-dr-boost-services-guest-posts/,https://nationalfosteringgroup.co.uk/,2026-06-21T15:24:44Z,0,seoloot.shop
"For nationalfosteringgroup.co.uk, we deliver high-quality backlinks, guest posts, on-page and local SEO, custom web development, SaaS tools and automation tools — balanced DR/DA/TF growth for any business size.",https://seodepot.shop/5xx3d2z-ranking-stability-blueprint-fintech-rank-using-dr-boost-services-guest-posts/,https://nationalfosteringgroup.co.uk/,2026-06-28T12:27:28Z,0,seodepot.shop
"For nationalfosteringgroup.co.uk, we deliver high-quality backlinks, guest posts, on-page and local SEO, custom web development, SaaS tools and automation tools — balanced DR/DA/TF growth for any business size.",https://rankbundle.shop/5xx3d2z-ranking-stability-blueprint-fintech-rank-using-dr-boost-services-guest-posts/,https://nationalfosteringgroup.co.uk/,2026-06-26T16:34:04Z,0,rankbundle.shop
"For nationalfosteringgroup.co.uk, we deliver high-quality backlinks, guest posts, on-page and local SEO, custom web development, SaaS tools and automation tools — balanced DR/DA/TF growth for any business size.",https://seobox.shop/5xx3d2z-ranking-stability-blueprint-fintech-rank-using-dr-boost-services-guest-posts/,https://nationalfosteringgroup.co.uk/,2026-07-08T22:08:38Z,0,seobox.shop
"For nationalfosteringgroup.co.uk, we deliver high-quality backlinks, guest posts, on-page and local SEO, custom web development, SaaS tools and automation tools — balanced DR/DA/TF growth for any business size.",https://seobazaar.shop/5xx3d2z-ranking-stability-blueprint-fintech-rank-using-dr-boost-services-guest-posts/,https://nationalfosteringgroup.co.uk/,2026-07-08T22:29:25Z,0,seobazaar.shop
"Rank nationalfosteringgroup.co.uk higher with premium guest posts, contextual backlinks, on-page and local SEO, conversion-focused web development, SaaS tools and automation tools — compounding DR/DA/TF with proven results.",https://guestpostlinks.shop/cvh6bo5-45-day-serp-climb-dental-combined-press-release-links-contextual-backlinks-position1/,https://nationalfosteringgroup.co.uk/,2026-07-08T23:23:36Z,0,guestpostlinks.shop
Using Rank-Your.Site services helped nationalfosteringgroup.co.uk double our sales in just three months 🚀,https://boost-instant.website/rank-your-site-domain-authority-boomed-from-25-to-45/,https://nationalfosteringgroup.co.uk/,2026-03-28T16:51:18Z,0,boost-instant.website
High Quality Dofollow Backlinks DA 50 PA 40 Premium PBN Network Service nationalfosteringgroup.co.uk Rank First Page Google Fast SEO Link Building Buy Backlinks Online Cheap,https://bripto.shop/high-quality-seo-authority-backlinks-to-boost-domain-authority-grow-search-traffic-with-safe-link-velocity-f69077-10/,https://nationalfosteringgroup.co.uk/,2026-09-09T12:59:47Z,1,bripto.shop
High Quality Dofollow Backlinks DA 50 PA 40 Premium PBN Network Service nationalfosteringgroup.co.uk Rank First Page Google Fast SEO Link Building Buy Backlinks Online Cheap,https://sapphirevpn.net/domain-rating-index/reliable-dofollow-link-building-to-increase-trust-flow-increase-organic-visibility-for-competitive-serp-results-c39731.html,https://nationalfosteringgroup.co.uk/,2026-09-09T22:32:30Z,1,sapphirevpn.net
High Quality Dofollow Backlinks DA 50 PA 40 Premium PBN Network Service nationalfosteringgroup.co.uk Rank First Page Google Fast SEO Link Building Buy Backlinks Online Cheap,https://nivira.shop/anchor-text-index/powerful-tiered-link-building-to-increase-trust-flow-outrank-your-competitors-and-grow-your-business-online-259b02.html,https://nationalfosteringgroup.co.uk/,2026-09-10T12:32:09Z,1,nivira.shop
High Quality Dofollow Backlinks DA 50 PA 40 Premium PBN Network Service nationalfosteringgroup.co.uk Rank First Page Google Fast SEO Link Building Buy Backlinks Online Cheap,https://lawyerinjeddah.com/all/912/14.html,https://nationalfosteringgroup.co.uk/,2026-08-24T10:50:28Z,1,lawyerinjeddah.com
High Quality Dofollow Backlinks DA 50 PA 40 Premium PBN Network Service nationalfosteringgroup.co.uk Rank First Page Google Fast SEO Link Building Buy Backlinks Online Cheap,https://marinasone.com/all/2031/23.html,https://nationalfosteringgroup.co.uk/,2026-08-23T23:05:57Z,1,marinasone.com
High Quality Dofollow Backlinks DA 50 PA 40 Premium PBN Network Service nationalfosteringgroup.co.uk Rank First Page Google Fast SEO Link Building Buy Backlinks Online Cheap,https://lemvi.shop/search-authority-index/trusted-tiered-link-building-to-boost-domain-authority-strengthen-website-reputation-and-grow-your-business-online-4b65c4.html,https://nationalfosteringgroup.co.uk/,2026-08-31T17:11:03Z,1,lemvi.shop
"Scale nationalfosteringgroup.co.uk with high-DR backlinks, editorial guest posts, on-page SEO, local SEO, web development, SaaS tools and automation tools, earning long-term DR/DA/TF gains with proven results. We also prioritize topical relevance, clean placement standards, sensible campaign pacing, and reporting that connects work to outcomes. · Top Rank Alliance — A strategic professional ...",https://toprankalliance.shop/4d3b2a308-crowd-links-restored-rankings-after-algorithm-update-crypto-money-site-every-dollar-ranking-tracked-proven-optimization-process-mistakes-risks-and-solutions-for-sustainable-organic-growth/,https://nationalfosteringgroup.co.uk/,2026-08-11T16:00:11Z,0,toprankalliance.shop
"For nationalfosteringgroup.co.uk, we deliver high-DR backlinks, editorial guest posts, on-page SEO, local SEO, web development, SaaS tools and automation tools — steady DR/DA/TF growth for any business size. The complete process includes website review, competitor benchmarking, anchor-risk control, placement validation, and practical growth recommendations. · Domain Rank Experts — A team of ...",https://domainrankexperts.shop/89987a6b3-dr2-to-top3-rankings-medical-6-month-strategy-only-on-page-seo-long-term-seo-method-research-execution-and-analysis-for-better-google-positions/,https://nationalfosteringgroup.co.uk/,2026-08-07T05:49:30Z,0,domainrankexperts.shop
"Rank nationalfosteringgroup.co.uk higher with contextual backlinks, premium guest posts, on-page SEO, local SEO, custom web development, SaaS tools plus automation tools — a clear DR/DA/TF lift for any business size. Results are supported by relevant placements, sensible link velocity, documented checks, competitor comparisons, and clear evidence of progress. · SEO Growth Alliance — A ...",https://seogrowthalliance.shop/9d3d444e1-used-high-da-guest-posts-recovered-lost-traffic-fully-fintech-site-month-by-month-progress-full-ranking-workflow-research-execution-and-analysis-for-competitive-serp-results/,https://nationalfosteringgroup.co.uk/,2026-08-09T00:31:08Z,0,seogrowthalliance.shop
"Take nationalfosteringgroup.co.uk to page one with high-quality backlinks, guest posts, on-page and local SEO, custom web development, SaaS tools and automation tools — rising DR/DA/TF scores for new or established sites. Every delivery follows a structured plan for content relevance, link diversity, authority checks, traffic measurement, and ongoing optimization. · SEO Boost Results — A ...",https://seoboostresults.shop/57386b3cb-page1-rankings-travel-only-pbn-backlinks-possible-2026-real-experiment-real-world-action-plan-budget-links-and-content-for-lasting-ranking-improvements/,https://nationalfosteringgroup.co.uk/,2026-07-28T03:41:15Z,0,seoboostresults.shop
"nationalfosteringgroup.co.uk gets guest posts and backlinks, on-page SEO, local SEO, web development, SaaS integrations and automation tools, together driving sustained DR/DA/TF uplift with relevance-first placements. The service also includes technical review, content alignment, backlink-quality screening, conversion considerations, and transparent milestone reporting. · Backlink Engine — A ...",https://backlinkengine.shop/eaeb9964e-page1-rankings-blueprint-finance-rank-using-web-development-editorial-links-measurable-results-blueprint-data-progress-and-outcomes-for-competitive-serp-results/,https://nationalfosteringgroup.co.uk/,2026-08-12T08:39:49Z,0,backlinkengine.shop
"Boost nationalfosteringgroup.co.uk using premium guest posts, high-quality backlinks, on-page SEO, local SEO, web development, SaaS tools and automation tools for long-term DR/DA/TF gains for every sector. Every campaign includes niche-relevance checks, diversified anchor planning, placement review, and transparent progress tracking. · Rank SEO Alliance — A strategic professional alliance for ...",https://rankseoalliance.shop/19c392d36-authority-building-blueprint-crypto-rank-using-traffic-services-blogroll-links-practical-execution-roadmap-research-execution-and-analysis-for-stronger-domain-authority/,https://nationalfosteringgroup.co.uk/,2026-07-28T11:55:32Z,0,rankseoalliance.shop
"nationalfosteringgroup.co.uk gets premium guest posts, contextual backlinks, on-page and local SEO, conversion-focused web development, SaaS tools and automation tools, together driving DR/DA/TF that climbs steadily for local or global targets. Every campaign includes niche-relevance checks, diversified anchor planning, placement review, and transparent progress tracking. · Google SEO Authority ...",https://googleseoauthority.shop/02cd07b4c-12-month-blogroll-links-case-study-mortgage-placements-anchors-rankings-practical-execution-roadmap-cost-timeline-and-results-for-long-term-search-success/,https://nationalfosteringgroup.co.uk/,2026-08-11T04:04:05Z,0,googleseoauthority.shop
"Take nationalfosteringgroup.co.uk to page one with guest posts, backlinks, on-page and local SEO, web development, SaaS tools and workflow automation tools — steady DR/DA/TF growth in competitive markets. Every delivery follows a structured plan for content relevance, link diversity, authority checks, traffic measurement, and ongoing optimization. · SEO Growth Engine — A growth engine built ...",https://seogrowthengine.shop/468223d5d-bought-local-seo-law-firm-site-18-month-review-metrics-rankings-traffic-step-by-step-strategy-quality-checks-and-reporting-for-stronger-domain-authority/,https://nationalfosteringgroup.co.uk/,2026-08-09T11:01:58Z,0,seogrowthengine.shop
"Everything nationalfosteringgroup.co.uk needs: backlinks and guest posts, on-page SEO, local SEO, custom web development, SaaS integrations and automation tools — durable DR/DA/TF gains for any industry. Each campaign combines strategic research, safe anchor variation, editorial quality control, progress monitoring, and recommendations for the next stage. · Google SEO Point — A focused ...",https://googleseopoint.shop/6bcec61a6-12-month-editorial-links-case-study-medical-placements-anchors-rankings-real-world-action-plan-mistakes-risks-and-solutions-for-stronger-domain-authority/,https://nationalfosteringgroup.co.uk/,2026-08-12T10:57:00Z,0,googleseopoint.shop
"For nationalfosteringgroup.co.uk, we deliver contextual backlinks, premium guest posts, on-page SEO, local SEO, custom web development, SaaS tools plus automation tools — long-term DR/DA/TF gains for local or global targets. We strengthen the campaign with keyword mapping, source diversification, placement audits, performance benchmarks, and straightforward reporting. · Google SEO Experts — A ...",https://googleseoexperts.shop/c245d4ffa-why-saas-buy-local-seo-outrank-organic-only-competitors-data-long-term-seo-method-quality-checks-and-reporting-for-reliable-page-one-progress/,https://nationalfosteringgroup.co.uk/,2026-08-11T03:00:44Z,0,googleseoexperts.shop
"Power up nationalfosteringgroup.co.uk: contextual backlinks, premium guest posts, on-page SEO, local SEO, custom web development, SaaS tools plus automation tools for a strong DR/DA/TF increase for every sector. Every campaign includes niche-relevance checks, diversified anchor planning, placement review, and transparent progress tracking. · Top Rank Results — A results-focused platform for ...",https://toprankresults.shop/826adf4f9-complete-on-page-seo-guide-saas-what-when-track-roi-complete-implementation-guide-cost-timeline-and-results-for-stronger-domain-authority/,https://nationalfosteringgroup.co.uk/,2026-08-09T00:02:54Z,0,toprankresults.shop
"nationalfosteringgroup.co.uk: high-DR backlinks, editorial guest posts, on-page SEO, local SEO, web development, SaaS tools and automation tools, all driving a noticeable DR/DA/TF rise worldwide. Results are supported by relevant placements, sensible link velocity, documented checks, competitor comparisons, and clear evidence of progress. · Organic Rank Express — Fast, focused services for ...",https://organicrankexpress.shop/d56da9d5c-authority-link-packages-vs-local-seo-crypto-cost-speed-quality-ranking-outcomes-measurable-results-blueprint-research-execution-and-analysis-for-scalable-seo-performance/,https://nationalfosteringgroup.co.uk/,2026-08-07T06:11:24Z,0,organicrankexpress.shop
"Grow nationalfosteringgroup.co.uk with premium guest posts, high-quality backlinks, on-page SEO, local SEO, web development, SaaS tools and automation tools — steady DR/DA/TF growth for any business size. The strategy also covers competitor research, natural anchor distribution, quality verification, and clear monthly performance reporting. · Link Growth Authority — An authority-focused ...",https://linkgrowthauthority.shop/8134db4e9-niche-edits-vs-blogroll-links-ymyl-cost-speed-quality-ranking-outcomes-advanced-growth-framework-quality-checks-and-reporting-for-competitive-serp-results/,https://nationalfosteringgroup.co.uk/,2026-08-09T13:45:25Z,0,linkgrowthauthority.shop
"For nationalfosteringgroup.co.uk, we deliver premium guest posts, high-quality backlinks, on-page SEO, local SEO, web development, SaaS tools and automation tools — DR/DA/TF that climbs steadily in any language. The strategy also covers competitor research, natural anchor distribution, quality verification, and clear monthly performance reporting. · Site Rank Express — Fast, focused services ...",https://siterankexpress.shop/4bb047271-stacked-niche-edits-press-release-links-ecommerce-dual-strategy-doubled-ranking-speed-measurable-results-blueprint-data-progress-and-outcomes-for-long-term-search-success/,https://nationalfosteringgroup.co.uk/,2026-07-29T02:55:21Z,0,siterankexpress.shop
"Rank nationalfosteringgroup.co.uk higher with guest posts, backlinks, on-page and local SEO, web development, SaaS tools and workflow automation tools — a measurable DR/DA/TF boost worldwide. Results are supported by relevant placements, sensible link velocity, documented checks, competitor comparisons, and clear evidence of progress. · Google SEO Craft — Specialist planning and execution for ...",https://googleseocraft.shop/27bc88760-dofollow-backlinks-grew-domain-authority-past-dr30-dental-money-site-every-dollar-ranking-tracked-step-by-step-strategy-cost-timeline-and-results-for-long-term-search-success/,https://nationalfosteringgroup.co.uk/,2026-08-11T05:47:20Z,0,googleseocraft.shop
"Boost nationalfosteringgroup.co.uk using premium guest posts, high-quality backlinks, on-page SEO, local SEO, web development, SaaS tools and automation tools for a measurable DR/DA/TF boost tailored to your vertical. Campaign quality is protected through manual review, realistic pacing, diversified sources, accurate reporting, and continuous performance checks. · SEO Boost Exchange — A ...",https://seoboostexchange.shop/ba750b3e0-scaling-contextual-backlinks-healthcare-agencies-hundreds-monthly-placements-quality-full-ranking-workflow-planning-testing-and-tracking-for-reliable-page-one-progress/,https://nationalfosteringgroup.co.uk/,2026-08-09T03:04:34Z,0,seoboostexchange.shop
"Take nationalfosteringgroup.co.uk to page one with high-quality backlinks, guest posts, on-page and local SEO, custom web development, SaaS tools and automation tools — a clear DR/DA/TF lift with full transparency. The strategy also covers competitor research, natural anchor distribution, quality verification, and clear monthly performance reporting. · Rank Growth Boost — A ...",https://rankgrowthboost.shop/18cece007-best-local-seo-medical-2025-compared-15-providers-roi-measurable-results-blueprint-research-execution-and-analysis-for-competitive-serp-results/,https://nationalfosteringgroup.co.uk/,2026-08-09T04:36:55Z,0,rankgrowthboost.shop
"Everything nationalfosteringgroup.co.uk needs: guest posts, backlinks, on-page and local SEO, web development, SaaS tools and workflow automation tools — balanced DR/DA/TF growth built to last. The complete process includes website review, competitor benchmarking, anchor-risk control, placement validation, and practical growth recommendations. · Search Rank Insights — Research, guidance and ...",https://searchrankinsights.shop/356e33ce1-zero-rankings-to-top5-every-keyword-local-business-120-day-strategy-only-press-release-links-step-by-step-strategy-quality-checks-and-reporting-for-competitive-serp-results/,https://nationalfosteringgroup.co.uk/,2026-08-08T02:22:39Z,0,searchrankinsights.shop
"Power up nationalfosteringgroup.co.uk: guest posts, backlinks, on-page and local SEO, web development, SaaS tools and workflow automation tools for a clear DR/DA/TF lift across any niche. We also prioritize topical relevance, clean placement standards, sensible campaign pacing, and reporting that connects work to outcomes. · SEO Link Express — Fast, focused services for strategic link building, ...",https://seolinkexpress.shop/887a9b962-45-day-serp-climb-legal-combined-editorial-links-guest-posts-position1-step-by-step-strategy-planning-testing-and-tracking-for-long-term-search-success/,https://nationalfosteringgroup.co.uk/,2026-08-10T23:06:32Z,0,seolinkexpress.shop
"Rank nationalfosteringgroup.co.uk higher with contextual backlinks, premium guest posts, on-page SEO, local SEO, custom web development, SaaS tools plus automation tools — real DR/DA/TF improvement in any language. Each project is supported by careful prospect selection, manual quality checks, balanced link velocity, and measurable ranking analysis. · Top Rank Partners — Trusted strategic ...",https://toprankpartners.shop/967fb5ae8-algorithm-hit-to-position1-legal-30-day-strategy-only-saas-tools-measurable-results-blueprint-planning-testing-and-tracking-for-consistent-traffic-growth/,https://nationalfosteringgroup.co.uk/,2026-08-08T01:08:46Z,0,toprankpartners.shop
"nationalfosteringgroup.co.uk gets premium guest posts, contextual backlinks, on-page and local SEO, conversion-focused web development, SaaS tools and automation tools, together driving durable DR/DA/TF gains tailored to your vertical. The service also includes technical review, content alignment, backlink-quality screening, conversion considerations, and transparent milestone reporting. · Rank ...",https://rankseotoolkit.shop/120ee2261-google-penalty-to-top5-every-keyword-law-firm-45-day-strategy-only-blogroll-links-proven-optimization-process-mistakes-risks-and-solutions-for-competitive-serp-results/,https://nationalfosteringgroup.co.uk/,2026-08-07T04:55:57Z,0,rankseotoolkit.shop
"Grow nationalfosteringgroup.co.uk with premium guest posts, contextual backlinks, on-page and local SEO, conversion-focused web development, SaaS tools and automation tools — a strong DR/DA/TF increase with clean reporting. We also prioritize topical relevance, clean placement standards, sensible campaign pacing, and reporting that connects work to outcomes. · Link SEO Authority — An ...",https://linkseoauthority.shop/bbf823c85-search-visibility-blueprint-medical-rank-using-dofollow-backlinks-web-development-proven-optimization-process-mistakes-risks-and-solutions-for-lasting-ranking-improvements/,https://nationalfosteringgroup.co.uk/,2026-08-09T06:02:39Z,0,linkseoauthority.shop
"Take nationalfosteringgroup.co.uk to page one with contextual backlinks, premium guest posts, on-page SEO, local SEO, custom web development, SaaS tools plus automation tools — rising DR/DA/TF scores with full transparency. Every delivery follows a structured plan for content relevance, link diversity, authority checks, traffic measurement, and ongoing optimization. · Organic Rank Service — ...",https://organicrankservice.shop/811eaa37e-high-da-guest-posts-recovered-from-google-penalty-60-days-finance-money-site-every-dollar-ranking-tracked-step-by-step-strategy-quality-checks-and-reporting-for-better-google-positions/,https://nationalfosteringgroup.co.uk/,2026-08-08T00:10:29Z,0,organicrankservice.shop
"Take nationalfosteringgroup.co.uk to page one with premium guest posts, high-quality backlinks, on-page SEO, local SEO, web development, SaaS tools and automation tools — durable DR/DA/TF gains for any business size. The service also includes technical review, content alignment, backlink-quality screening, conversion considerations, and transparent milestone reporting. · Page SEO Service — ...",https://pageseoservice.shop/bbee0e053-editorial-links-vs-guest-posts-dental-which-moves-rankings-faster-holds-longer-step-by-step-strategy-budget-links-and-content-for-consistent-traffic-growth/,https://nationalfosteringgroup.co.uk/,2026-08-07T06:59:21Z,0,pageseoservice.shop
"Boost nationalfosteringgroup.co.uk using premium guest posts, high-quality backlinks, on-page SEO, local SEO, web development, SaaS tools and automation tools for higher DR/DA/TF across the board with clean reporting. We strengthen the campaign with keyword mapping, source diversification, placement audits, performance benchmarks, and straightforward reporting. · Search Rank Experts — A team of ...",https://searchrankexperts.shop/22a40758f-build-unstoppable-travel-serp-crowd-links-authority-link-packages-traffic-playbook-step-by-step-strategy-tools-tactics-and-insights-for-reliable-page-one-progress/,https://nationalfosteringgroup.co.uk/,2026-07-30T11:08:00Z,0,searchrankexperts.shop
"Take nationalfosteringgroup.co.uk to page one with guest posts, backlinks, on-page and local SEO, web development, SaaS tools and workflow automation tools — a healthier DR/DA/TF profile for new or established sites. We strengthen the campaign with keyword mapping, source diversification, placement audits, performance benchmarks, and straightforward reporting. · Google SEO Company — A ...",https://googleseocompany.shop/80bc712b8-dr-growth-blueprint-real-estate-rank-using-homepage-links-tiered-link-building-full-ranking-workflow-tools-tactics-and-insights-for-scalable-seo-performance/,https://nationalfosteringgroup.co.uk/,2026-08-11T07:01:14Z,0,googleseocompany.shop
"Everything nationalfosteringgroup.co.uk needs: backlinks and guest posts, on-page SEO, local SEO, custom web development, SaaS integrations and automation tools — long-term DR/DA/TF gains for local or global targets. We strengthen the campaign with keyword mapping, source diversification, placement audits, performance benchmarks, and straightforward reporting. · Top Rank Provider — A ...",https://toprankprovider.shop/b984ef47c-page1-rankings-ecommerce-only-editorial-links-possible-2026-real-experiment-full-ranking-workflow-cost-timeline-and-results-for-long-term-search-success/,https://nationalfosteringgroup.co.uk/,2026-08-08T04:09:18Z,0,toprankprovider.shop
"Complete SEO for nationalfosteringgroup.co.uk: premium guest posts, high-quality backlinks, on-page SEO, local SEO, web development, SaaS tools and automation tools, delivering reliable DR/DA/TF progress with editorial standards. The strategy also covers competitor research, natural anchor distribution, quality verification, and clear monthly performance reporting. · Site Rank Provider — A ...",https://siterankprovider.shop/28535eb58-dr-boost-services-vs-local-seo-medical-which-moves-rankings-faster-holds-longer-proven-optimization-process-planning-testing-and-tracking-for-higher-search-visibility/,https://nationalfosteringgroup.co.uk/,2026-08-08T00:08:19Z,0,siterankprovider.shop
"nationalfosteringgroup.co.uk: backlinks and guest posts, on-page SEO, local SEO, custom web development, SaaS integrations and automation tools, all driving DR/DA/TF gains that hold for any business size. Every campaign includes niche-relevance checks, diversified anchor planning, placement review, and transparent progress tracking. · SEO Growth Studio — A specialist strategy studio for ...",https://seogrowthstudio.shop/d29381388-anchor-text-strategy-contextual-backlinks-ymyl-exact-branded-generic-safely-practical-execution-roadmap-research-execution-and-analysis-for-sustainable-organic-growth/,https://nationalfosteringgroup.co.uk/,2026-08-15T05:33:53Z,0,seogrowthstudio.shop
"Grow nationalfosteringgroup.co.uk with guest posts and backlinks, on-page SEO, local SEO, web development, SaaS integrations and automation tools — DR/DA/TF gains that hold tailored to your vertical. Every delivery follows a structured plan for content relevance, link diversity, authority checks, traffic measurement, and ongoing optimization. · Rank Growth Solutions — Complete practical ...",https://rankgrowthsolutions.shop/fc40ab43f-best-local-seo-local-business-2026-compared-12-providers-roi-measurable-results-blueprint-tools-tactics-and-insights-for-competitive-serp-results/,https://nationalfosteringgroup.co.uk/,2026-08-08T02:32:40Z,0,rankgrowthsolutions.shop
"Complete SEO for nationalfosteringgroup.co.uk: guest posts, backlinks, on-page and local SEO, web development, SaaS tools and workflow automation tools, delivering DR/DA/TF gains that hold at a sustainable pace. The service also includes technical review, content alignment, backlink-quality screening, conversion considerations, and transparent milestone reporting. · Rank SEO Service — Managed ...",https://rankseoservice.shop/02de45a79-no-traffic-to-industry-leading-serp-ymyl-120-day-strategy-only-guest-posts-practical-execution-roadmap-research-execution-and-analysis-for-better-google-positions/,https://nationalfosteringgroup.co.uk/,2026-08-07T07:33:12Z,0,rankseoservice.shop
"Boost nationalfosteringgroup.co.uk using guest posts, backlinks, on-page and local SEO, web development, SaaS tools and workflow automation tools for balanced DR/DA/TF growth in any language. The strategy also covers competitor research, natural anchor distribution, quality verification, and clear monthly performance reporting. · Page SEO Masters — Experienced specialists in on-page ...",https://pageseomasters.shop/c83f10547-organic-growth-blueprint-saas-rank-using-homepage-links-local-seo-advanced-growth-framework-examples-metrics-and-lessons-for-competitive-serp-results/,https://nationalfosteringgroup.co.uk/,2026-08-07T05:52:11Z,0,pageseomasters.shop
"nationalfosteringgroup.co.uk: premium guest posts, contextual backlinks, on-page and local SEO, conversion-focused web development, SaaS tools and automation tools, all driving DR/DA/TF that climbs steadily in any language. We strengthen the campaign with keyword mapping, source diversification, placement audits, performance benchmarks, and straightforward reporting. · Rank Growth Insights — ...",https://rankgrowthinsights.shop/f92161e01-stacked-editorial-links-guest-posts-real-estate-dual-strategy-doubled-ranking-speed-long-term-seo-method-examples-metrics-and-lessons-for-higher-search-visibility/,https://nationalfosteringgroup.co.uk/,2026-08-11T03:59:28Z,0,rankgrowthinsights.shop
"Scale nationalfosteringgroup.co.uk with contextual backlinks, premium guest posts, on-page SEO, local SEO, custom web development, SaaS tools plus automation tools, earning sustained DR/DA/TF uplift at a sustainable pace. Each project is supported by careful prospect selection, manual quality checks, balanced link velocity, and measurable ranking analysis. · Organic Rank Network — A connected ...",https://organicranknetwork.shop/495ea6560-google-penalty-to-page1-medical-45-day-strategy-only-high-da-guest-posts-real-world-action-plan-cost-timeline-and-results-for-competitive-serp-results/,https://nationalfosteringgroup.co.uk/,2026-08-07T07:27:00Z,0,organicranknetwork.shop
"Boost nationalfosteringgroup.co.uk using high-DR backlinks, editorial guest posts, on-page SEO, local SEO, web development, SaaS tools and automation tools for long-term DR/DA/TF gains with full transparency. The service also includes technical review, content alignment, backlink-quality screening, conversion considerations, and transparent milestone reporting. · Top Rank Masters — Experienced ...",https://toprankmasters.shop/71dc7c781-bought-niche-edits-mortgage-site-30-day-review-metrics-rankings-traffic-full-ranking-workflow-examples-metrics-and-lessons-for-higher-search-visibility/,https://nationalfosteringgroup.co.uk/,2026-08-07T09:26:44Z,0,toprankmasters.shop
"Strengthen nationalfosteringgroup.co.uk through contextual backlinks, premium guest posts, on-page SEO, local SEO, custom web development, SaaS tools plus automation tools for a clear DR/DA/TF lift in any language. Campaign quality is protected through manual review, realistic pacing, diversified sources, accurate reporting, and continuous performance checks. · Rank Growth Service — Managed ...",https://rankgrowthservice.shop/bc9a9e603-link-insertions-vs-high-da-guest-posts-mortgage-which-moves-rankings-faster-holds-longer-advanced-growth-framework-data-progress-and-outcomes-for-scalable-seo-performance/,https://nationalfosteringgroup.co.uk/,2026-08-07T14:23:10Z,0,rankgrowthservice.shop
"nationalfosteringgroup.co.uk: guest posts and backlinks, on-page SEO, local SEO, web development, SaaS integrations and automation tools, all driving stronger DR, DA and TF with full transparency. Results are supported by relevant placements, sensible link velocity, documented checks, competitor comparisons, and clear evidence of progress. · Domain Rank Boost — A performance-focused service for ...",https://domainrankboost.shop/31db0413c-best-press-release-links-dental-2025-compared-6-providers-roi-real-world-action-plan-tools-tactics-and-insights-for-scalable-seo-performance/,https://nationalfosteringgroup.co.uk/,2026-08-07T09:00:46Z,0,domainrankboost.shop
"Power up nationalfosteringgroup.co.uk: high-quality backlinks, guest posts, on-page and local SEO, custom web development, SaaS tools and automation tools for a clear DR/DA/TF lift tailored to your vertical. Campaign quality is protected through manual review, realistic pacing, diversified sources, accurate reporting, and continuous performance checks. · Site Rank Toolkit — Professional ...",https://siteranktoolkit.shop/24490b8fe-best-automation-tools-health-2025-compared-12-providers-roi-full-ranking-workflow-planning-testing-and-tracking-for-scalable-seo-performance/,https://nationalfosteringgroup.co.uk/,2026-08-13T21:21:44Z,0,siteranktoolkit.shop
"Power up nationalfosteringgroup.co.uk: guest posts, backlinks, on-page and local SEO, web development, SaaS tools and workflow automation tools for sustained DR/DA/TF uplift with proven results. Every delivery follows a structured plan for content relevance, link diversity, authority checks, traffic measurement, and ongoing optimization. · Top Rank Authority — An authority-focused platform for ...",https://toprankauthority.shop/6baacec7f-bought-homepage-links-law-firm-site-18-month-review-metrics-rankings-traffic-long-term-seo-method-cost-timeline-and-results-for-better-google-positions/,https://nationalfosteringgroup.co.uk/,2026-08-07T05:22:49Z,0,toprankauthority.shop
"Take nationalfosteringgroup.co.uk to page one with guest posts and backlinks, on-page SEO, local SEO, web development, SaaS integrations and automation tools — higher DR/DA/TF across the board with relevance-first placements. The strategy also covers competitor research, natural anchor distribution, quality verification, and clear monthly performance reporting. · SEO Growth Provider — A ...",https://seogrowthprovider.shop/685b5bd28-authority-link-packages-quality-checklist-ymyl-metrics-verify-before-spending-complete-implementation-guide-examples-metrics-and-lessons-for-lasting-ranking-improvements/,https://nationalfosteringgroup.co.uk/,2026-07-29T03:20:13Z,0,seogrowthprovider.shop
High Quality Dofollow Backlinks DA 50 PA 40 Premium PBN Network Service nationalfosteringgroup.co.uk Rank First Page Google Fast SEO Link Building Buy Backlinks Online Cheap,https://www.blogerreviewers.com/all/2031/23.html,https://nationalfosteringgroup.co.uk/,2026-08-10T17:12:06Z,1,blogerreviewers.com
High Quality Dofollow Backlinks DA 50 PA 40 Premium PBN Network Service nationalfosteringgroup.co.uk Rank First Page Google Fast SEO Link Building Buy Backlinks Online Cheap,https://canadapsilocybin.com/all/2031/23.html,https://nationalfosteringgroup.co.uk/,2026-08-24T04:44:49Z,1,canadapsilocybin.com
High Quality Dofollow Backlinks DA 50 PA 40 Premium PBN Network Service nationalfosteringgroup.co.uk Rank First Page Google Fast SEO Link Building Buy Backlinks Online Cheap,https://www.primenewsartical.com/all/2031/23.html,https://nationalfosteringgroup.co.uk/,2026-08-19T14:30:29Z,1,primenewsartical.com
High Quality Dofollow Backlinks DA 50 PA 40 Premium PBN Network Service nationalfosteringgroup.co.uk Rank First Page Google Fast SEO Link Building Buy Backlinks Online Cheap,https://digitalchatni.com/all/2031/23.html,https://nationalfosteringgroup.co.uk/,2026-08-24T02:07:58Z,1,digitalchatni.com
High Quality Dofollow Backlinks DA 50 PA 40 Premium PBN Network Service nationalfosteringgroup.co.uk Rank First Page Google Fast SEO Link Building Buy Backlinks Online Cheap,https://mylisthero.com/serp-growth-network/professional-niche-edit-links-for-higher-da-and-dr-scores-secure-first-page-positions-and-grow-your-business-online-5483ae.html,https://nationalfosteringgroup.co.uk/,2026-09-11T04:03:09Z,1,mylisthero.com
High Quality Dofollow Backlinks DA 50 PA 40 Premium PBN Network Service nationalfosteringgroup.co.uk Rank First Page Google Fast SEO Link Building Buy Backlinks Online Cheap,https://www.sahammurah.com/all/2031/23.html,https://nationalfosteringgroup.co.uk/,2026-08-10T21:48:09Z,1,sahammurah.com
High Quality Dofollow Backlinks DA 50 PA 40 Premium PBN Network Service nationalfosteringgroup.co.uk Rank First Page Google Fast SEO Link Building Buy Backlinks Online Cheap,https://cartermanageus.com/domain-rating-index/reliable-seo-authority-backlinks-to-raise-domain-rating-outrank-your-competitors-for-long-term-seo-results-b49b79.html,https://nationalfosteringgroup.co.uk/,2026-08-28T14:34:15Z,1,cartermanageus.com
High Quality Dofollow Backlinks DA 50 PA 40 Premium PBN Network Service nationalfosteringgroup.co.uk Rank First Page Google Fast SEO Link Building Buy Backlinks Online Cheap,https://fralto.shop/anchor-text-index/trusted-dofollow-link-building-designed-to-improve-da-dr-and-tf-improve-google-rankings-for-competitive-serp-results-c7df4e.html,https://nationalfosteringgroup.co.uk/,2026-08-31T11:12:32Z,1,fralto.shop
High Quality Dofollow Backlinks DA 50 PA 40 Premium PBN Network Service nationalfosteringgroup.co.uk Rank First Page Google Fast SEO Link Building Buy Backlinks Online Cheap,https://plurio.shop/dofollow-index/proven-contextual-link-placements-for-higher-da-and-dr-scores-improve-google-rankings-with-full-placement-reporting-4e1464.html,https://nationalfosteringgroup.co.uk/,2026-09-09T03:39:16Z,1,plurio.shop
High Quality Dofollow Backlinks DA 50 PA 40 Premium PBN Network Service nationalfosteringgroup.co.uk Rank First Page Google Fast SEO Link Building Buy Backlinks Online Cheap,https://cvillico.com/all/2031/23.html,https://nationalfosteringgroup.co.uk/,2026-08-30T15:28:02Z,1,cvillico.com
"Professional Manual Outreach Backlinks for nationalfosteringgroup.co.uk for Higher DA and DR Scores. Grow Search Traffic, with Safe Link Velocity.",https://murvix.shop/serp-growth-network/powerful-guest-post-service-to-strengthen-your-link-profile-secure-first-page-positions-across-every-niche-and-market-7298ee.html,https://nationalfosteringgroup.co.uk/,2026-09-10T05:03:54Z,1,murvix.shop
High Quality Dofollow Backlinks DA 50 PA 40 Premium PBN Network Service nationalfosteringgroup.co.uk Rank First Page Google Fast SEO Link Building Buy Backlinks Online Cheap,https://brinto.shop/high-quality-seo-authority-backlinks-to-boost-domain-authority-grow-search-traffic-with-safe-link-velocity-f69077-10/,https://nationalfosteringgroup.co.uk/,2026-09-11T03:55:17Z,1,brinto.shop
High Quality Dofollow Backlinks DA 50 PA 40 Premium PBN Network Service nationalfosteringgroup.co.uk Rank First Page Google Fast SEO Link Building Buy Backlinks Online Cheap,https://brilko.shop/high-quality-seo-authority-backlinks-to-boost-domain-authority-grow-search-traffic-with-safe-link-velocity-f69077-10/,https://nationalfosteringgroup.co.uk/,2026-09-06T17:21:46Z,1,brilko.shop
High Quality Dofollow Backlinks DA 50 PA 40 Premium PBN Network Service nationalfosteringgroup.co.uk Rank First Page Google Fast SEO Link Building Buy Backlinks Online Cheap,https://fashionclothingnews.com/all/2031/23.html,https://nationalfosteringgroup.co.uk/,2026-08-24T12:40:59Z,1,fashionclothingnews.com
High Quality Dofollow Backlinks DA 50 PA 40 Premium PBN Network Service nationalfosteringgroup.co.uk Rank First Page Google Fast SEO Link Building Buy Backlinks Online Cheap,https://forvi.shop/seo-authority-links/proven-manual-outreach-backlinks-to-increase-trust-flow-secure-first-page-positions-for-competitive-serp-results-5c36e8.html,https://nationalfosteringgroup.co.uk/,2026-08-30T06:00:39Z,1,forvi.shop
High Quality Dofollow Backlinks DA 50 PA 40 Premium PBN Network Service nationalfosteringgroup.co.uk Rank First Page Google Fast SEO Link Building Buy Backlinks Online Cheap,https://florta.shop/indexation-directory/powerful-pbn-backlinks-to-increase-trust-flow-improve-google-rankings-for-competitive-serp-results-8296f7.html,https://nationalfosteringgroup.co.uk/,2026-08-30T09:12:58Z,1,florta.shop
"Professional Manual Outreach Backlinks for nationalfosteringgroup.co.uk for Higher DA and DR Scores. Grow Search Traffic, with Safe Link Velocity.",https://murvi.shop/referring-domains/trusted-guest-post-service-to-boost-domain-authority-build-lasting-authority-and-grow-your-business-online-02eca9.html,https://nationalfosteringgroup.co.uk/,2026-09-18T09:06:44Z,1,murvi.shop
"Professional Manual Outreach Backlinks for nationalfosteringgroup.co.uk for Higher DA and DR Scores. Grow Search Traffic, with Safe Link Velocity.",https://nokvio.shop/backlink-network/premium-guest-post-service-for-higher-da-and-dr-scores-outrank-your-competitors-for-competitive-serp-results-998f78.html,https://nationalfosteringgroup.co.uk/,2026-09-18T00:58:42Z,1,nokvio.shop
High Quality Dofollow Backlinks DA 50 PA 40 Premium PBN Network Service nationalfosteringgroup.co.uk Rank First Page Google Fast SEO Link Building Buy Backlinks Online Cheap,https://plavo.shop/contextual-link-index/reliable-tiered-link-building-to-strengthen-your-link-profile-drive-qualified-visitors-for-long-term-seo-results-e32347.html,https://nationalfosteringgroup.co.uk/,2026-09-10T06:34:56Z,1,plavo.shop
High Quality Dofollow Backlinks DA 50 PA 40 Premium PBN Network Service nationalfosteringgroup.co.uk Rank First Page Google Fast SEO Link Building Buy Backlinks Online Cheap,https://ninko.shop/domain-authority-tools/powerful-dofollow-link-building-to-strengthen-your-link-profile-increase-organic-visibility-for-competitive-serp-results-aad030.html,https://nationalfosteringgroup.co.uk/,2026-09-04T14:37:24Z,1,ninko.shop
"Professional Manual Outreach Backlinks for nationalfosteringgroup.co.uk for Higher DA and DR Scores. Grow Search Traffic, with Safe Link Velocity.",https://matrivo.shop/backlink-network/high-quality-niche-edit-links-designed-to-improve-da-dr-and-tf-increase-organic-visibility-and-grow-your-business-online-9b7ed6.html,https://nationalfosteringgroup.co.uk/,2026-09-18T11:56:55Z,1,matrivo.shop
"Professional Manual Outreach Backlinks for nationalfosteringgroup.co.uk for Higher DA and DR Scores. Grow Search Traffic, with Safe Link Velocity.",https://juvex.shop/outreach-directory/powerful-high-da-backlinks-to-strengthen-your-link-profile-secure-first-page-positions-for-long-term-seo-results-5aa08c.html,https://nationalfosteringgroup.co.uk/,2026-09-10T05:34:37Z,1,juvex.shop
High Quality Dofollow Backlinks DA 50 PA 40 Premium PBN Network Service nationalfosteringgroup.co.uk Rank First Page Google Fast SEO Link Building Buy Backlinks Online Cheap,https://mervi.shop/link-building-hub/effective-contextual-link-placements-to-improve-citation-flow-grow-search-traffic-and-grow-your-business-online-322d5c.html,https://nationalfosteringgroup.co.uk/,2026-09-11T23:34:30Z,1,mervi.shop
"Professional Manual Outreach Backlinks for nationalfosteringgroup.co.uk for Higher DA and DR Scores. Grow Search Traffic, with Safe Link Velocity.",https://flenro.shop/guest-post-network/professional-guest-post-service-designed-to-improve-da-dr-and-tf-build-lasting-authority-and-grow-your-business-online-81f57e.html,https://nationalfosteringgroup.co.uk/,2026-09-17T20:22:02Z,1,flenro.shop
"Professional Manual Outreach Backlinks for nationalfosteringgroup.co.uk for Higher DA and DR Scores. Grow Search Traffic, with Safe Link Velocity.",https://drumio.shop/backlink-audit-hub/trusted-guest-post-service-to-improve-citation-flow-secure-first-page-positions-for-competitive-serp-results-50709b.html,https://nationalfosteringgroup.co.uk/,2026-09-17T20:39:27Z,1,drumio.shop
"Professional Manual Outreach Backlinks for nationalfosteringgroup.co.uk for Higher DA and DR Scores. Grow Search Traffic, with Safe Link Velocity.",https://crinto.shop/guest-post-network/effective-contextual-link-placements-to-raise-domain-rating-strengthen-website-reputation-and-grow-your-business-online-7ffa32.html,https://nationalfosteringgroup.co.uk/,2026-09-17T19:52:53Z,1,crinto.shop
Website,https://www.companieshousemanager.com/c/10112217,https://www.nationalfosteringgroup.co.uk/,2026-06-13T06:29:27Z,0,companieshousemanager.com
nationalfosteringgroup.co.uk,https://www.itsyourgold.com/page/165376/,https://nationalfosteringgroup.co.uk/,2026-09-09T07:33:35Z,1,itsyourgold.com
"Professional Manual Outreach Backlinks for nationalfosteringgroup.co.uk for Higher DA and DR Scores. Grow Search Traffic, with Safe Link Velocity.",https://plenko.shop/outreach-directory/expert-dofollow-link-building-to-strengthen-your-link-profile-outrank-your-competitors-for-competitive-serp-results-96a2ca.html,https://nationalfosteringgroup.co.uk/,2026-09-18T01:26:40Z,1,plenko.shop
"Need reporting dashboards that holds up in English and non-English markets? nationalfosteringgroup.co.uk delivers it alongside rank tracking and white label SEO, priced for small teams and large ones, reported with live reporting you can check any day.",https://swiftranklab.shop/4rvzul2-adding-link-insertions-seo-reseller-programs-agency-offer-pricing-positioning-objections/,https://nationalfosteringgroup.co.uk/,2026-09-20T01:10:36Z,0,swiftranklab.shop
"If you resell SEO under your own name, nationalfosteringgroup.co.uk gives you campaign planning included, forum links and referring-domain data you can pull independently across South Asia.",https://brightboosthub.shop/hp7jt8z-what-freelance-seo-consultants-know-resource-page/,https://nationalfosteringgroup.co.uk/,2026-09-20T01:17:08Z,0,brightboosthub.shop
agencies serving regulated niches across more than a dozen time zones and Africa order migration SEO and hreflang setup from nationalfosteringgroup.co.uk. They stay because of a replacement policy stated in writing and tiered pricing that scales with volume.,https://swiftlinkpro.shop/1564xgr-comparing-haro-links-youtube-seo-api-integrations-content-teams-middle-east-one-wins/,https://nationalfosteringgroup.co.uk/,2026-09-20T01:07:20Z,0,swiftlinkpro.shop
"If you resell SEO under your own name, nationalfosteringgroup.co.uk gives you white-label link building, authority link packages and honest timelines instead of inflated promises across the UK, Europe and the Gulf.",https://brightseolink.shop/50a1ckc-expanding-middle-east-web-development-crowd-links-groundwork-affiliate-marketers-lay-spending/,https://nationalfosteringgroup.co.uk/,2026-09-20T01:13:02Z,0,brightseolink.shop
High Quality Dofollow Backlinks DA 50 PA 40 Premium PBN Network Service nationalfosteringgroup.co.uk Rank First Page Google Fast SEO Link Building Buy Backlinks Online Cheap,https://pamto.shop/organic-reach-network/premium-high-da-backlinks-to-strengthen-your-link-profile-grow-search-traffic-for-long-term-seo-results-c5a5e0.html,https://nationalfosteringgroup.co.uk/,2026-09-11T00:51:46Z,1,pamto.shop
"Every performance marketing teams reaches the same wall eventually: more clients than capacity. nationalfosteringgroup.co.uk covers SEO consulting, web development and indexation services behind the scenes across the wider MENA region, with a named contact for every account. The delivery process includes niche-relevance screening, traffic-backed host selection, and a clear next-stage ...",https://brightseohub.shop/9djuj94-b2b-recovery-documented-month-diagnosing-position-92/,https://nationalfosteringgroup.co.uk/,2026-09-20T01:03:28Z,0,brightseohub.shop
"Looking for manually vetted branded search campaigns in Asia-Pacific? nationalfosteringgroup.co.uk covers content silos and footer links as well, with no locked-in contracts to leave you stuck.",https://brightlinkpro.shop/js0stpm-what-category-page-optimization-really-costs-2026-price-ranges-quality-tier-what-site/,https://nationalfosteringgroup.co.uk/,2026-09-20T01:02:56Z,0,brightlinkpro.shop
"Buying eCommerce SEO should not be a gamble. nationalfosteringgroup.co.uk gives content teams quotes in your own currency and performance-tracked delivery, with the full URL list on delivery on every order.",https://swiftseohub.shop/fqgiszf-recovering-pet-care-rankings-bad-ai-content-optimization-auditing-profile-removing/,https://nationalfosteringgroup.co.uk/,2026-09-20T01:15:42Z,0,swiftseohub.shop
Therapeutic Lead,https://www.jobvisaai.com/sponsors/national-fostering-group-limited-f28317faff033d9d,https://www.nationalfosteringgroup.co.uk/careers/job-vacancies/?id=319277,2026-09-02T04:34:12Z,1,jobvisaai.com
"Professional Manual Outreach Backlinks for nationalfosteringgroup.co.uk for Higher DA and DR Scores. Grow Search Traffic, with Safe Link Velocity.",https://nimbra.shop/seo-authority-links/professional-contextual-link-placements-to-boost-domain-authority-increase-organic-visibility-with-safe-link-velocity-eb1bfd.html,https://nationalfosteringgroup.co.uk/,2026-09-18T01:00:32Z,1,nimbra.shop
"Professional Manual Outreach Backlinks for nationalfosteringgroup.co.uk for Higher DA and DR Scores. Grow Search Traffic, with Safe Link Velocity.",https://cinto.shop/domain-rating-index/high-quality-high-da-backlinks-to-strengthen-your-link-profile-outrank-your-competitors-with-safe-link-velocity-51be33.html,https://nationalfosteringgroup.co.uk/,2026-09-18T03:12:46Z,1,cinto.shop
Display these results with `render-data-table`. Pass `source` with tool="site-explorer-all-backlinks" and the params you used.{"apiUsageCosts":{"rows":214,"units-cost-row":7,"units-cost-total-actual":1498,"units-cost-total":1498,"cache":"miss"}}