domain,traffic
blogspot.com,24535952
bing.com,11502410
finanzen.net,10316284
pages.dev,9109391
alibaba.com,6375353
bbb.org,4102665
squarespace.com,3685484
yellowpages.com,1861397
prnewswire.com,1236212
the-sun.com,1130108
birdeye.com,917769
za.com,408527
poe.com,321284
thisoldhouse.com,219104
housedigest.com,180326
extension.org,177837
ireceptar.cz,172512
chambermaster.com,162050
cbinsights.com,153808
intercom.help,147971
whnt.com,122329
devpost.com,116600
sitelike.org,114305
mountaintopuniversity.edu.ng,109155
mygreenbucks.net,96622
raceroster.com,78811
yourgreenpal.com,78648
siteprice.org,59895
chamberofcommerce.com,59847
provenexpert.com,59755
todayshomeowner.com,54611
superpages.com,51209
growthzoneapp.com,41272
hub.biz,40871
ftu.edu.vn,31102
datanyze.com,29080
fox56news.com,23648
kangaroo.vn,22728
themalaysianreserve.com,20006
aijourn.com,17863
ac.pk,12318
sissyhive.com,11136
ucv.ro,8542
propartsdirect.net,7610
hsvchamber.org,7441
topratedlocal.com,4860
strollmag.com,4718
warelandscaping.com,4638
a-leads.co,4633
dexknows.com,4481
taradel.com,3979
landscapeprofessionals.org,3881
parse.gl,3567
enigma.com,3371
totallandscapecare.com,3321
landscapeleadership.com,3246
jepturf.net,3049
luveck.com,2895
bloomberry.com,2884
gluesticksgumdrops.com,2469
olivebranchms.com,2460
clodura.ai,2374
natureworldnews.com,2309
coldlytics.com,2031
linkcentre.com,1931
alcturf.com.au,1828
mymilitarybenefits.com,1790
yp.com,1770
gochambermaster.com,1634
soupspooncafe.com,1596
desotocountynews.com,1553
terra-lawn-care.com,1322
citysquares.com,1281
millacfoods.com,1198
ckziu25.sosnowiec.pl,1188
neustarlocaleze.biz,1168
cheftools.com.sa,1161
propelbikes.com,1105
springtouchlawn.com,1067
bestprosintown.com,1017
ejobscircular.com,1011
vestigeview.com,953
hayatiaygun.com,950
reasonstoskipthehousework.com,792
mylocalservices.com,718
osx.com.ar,710
campa.es,665
tntcode.com,650
grasspros.com,646
rslonline.com,632
socastsrm.com,615
edima-67.com,591
athomepros.com,494
alder.in,494
weon.website,473
hatcherlandscape.com,466
clinicaima.es,465
schlosshotel-ischgl.com,458
le-caribeen.fr,438
pflanzensache.de,425
southavenchamber.com,424
thebuildermarket.com,419
allbiz.com,418
resimistanbul.com,414
hff.io,401
anationofmoms.com,393
find-us-here.com,361
agreatertown.com,360
catrionajeffries.com,360
zerofi.ai,324
electronique-mixte.fr,316
kesarindien.se,290
premierhomeware.co.za,283
plazalaval.com,263
comocucine.com,254
mikolmarmi.com,253
awafimill.com,235
ufo-online.aero,232
diariolajornada.com.py,227
toppodcast.com,197
loginslink.com,197
turkuaztaxi.com,191
pahomepage.com,188
jobsdirectmi.com,186
drkhalidclinic.com,179
insumosartesgraficas.com,172
akaieg.com,171
junaidworld.com,164
harestuapizza.no,150
freeplants.com,145
qatarpharmaonline.com,143
envigadohoy.com,135
escuela-indecopi.edu.pe,127
courtesyhonda.in,126
murahkitchen.my,120
harbingermarketing.com,105
laruccola.no,100
videk.ma,99
techdirectory.io,94
pousadacabanasnomundo.com.br,93
allpeople.com,92
kees.com,90
kurzemesperle.lv,86
meritan.org,85
ejp.nl,83
allphazeirrigation.com,78
outsidetheboxmom.com,77
reno-shop.kz,69
codigoredes.com.mx,68
leventsennaroglu.com.tr,66
natech-shop.com,65
designedbyai.io,59
sportmediaset.co,53
odg.org.uk,49
greenrootsorganic.com,44
regionaldirectory.us,42
mitmunk.com,37
chocolateplatform.com,36
renovationsup.com,34
ringroadskoda.com,34
landscapeatlas.com,33
wellflowmeter.com,33
wealthyoverview.com,33
choicebusinesssolutions.net,32
dataaxisnode.com,30
lillybeautyspa.com,29
domainsproject.org,29
thinkdear.com,29
campingloscloticos.es,29
thenllc.ca,28
socialsearch.com,28
directopedia.us,28
ecolawnsultd.com,23
linkedintoweb.com,23
bronx.co.in,23
yeschefcatering.ie,22
locallistingz.com,20
viral-status.com,18
studiodelacuisine.fr,18
snowlawn.net,17
richwaylandscape.com,17
yplocal.us,17
exclusivepoms.com,17
koujena.ch,16
akriti.co.in,16
anodesonline.com.au,15
residencestyle.com,14
infodirectorynow.com,14
eca.et,14
greentechtree.com,13
isotechtrading.com,12
pro-analiz.com,12
poculd.best,12
swipenow.com,11
gardeniaorganic.com,10
friendly.biz,9
dolphinstar.ae,9
ai2sd.com,9
nargileta.bg,9
shilpa-p.com,8
jazminsbeautysalon.be,8
buyatreechangealife.com,8
dappasol.com,8
lazermax.lv,8
dreamlandsdesign.com,7
vodmax.store,7
batko.net,7
contractorsup.com,7
prontowebdir.com,7
marakkar.qa,7
truebizdirectory.com,6
italnoleggi.com,6
dlmpropertygroup.com,5
natureandsustainability.com,5
hijauanhills.com.my,5
boblistings.org,5
landscape.directory,5
localstack.org,4
igolocal.app,4
expressbusinesslistings.com,4
bin-yousuf.com,4
ecpestcontrol.com,4
digitbusinesslistings.com,4
intently.co,4
fateelah-sa.com,3
drkennedyandpartners.co.za,3
zlymoweb.com,3
smoothdecorator.com,3
ikweli.co.mz,3
urbanbizlistings.com,3
nouralhaya.com,3
diotimes.com,3
ziplocale.com,2
transferdmc.com,2
mysmallbiz.net,2
kradl.io,2
tentorium.mn,2
multipe.in,2
bloggerinterrupted.com,2
varicoseveinlaser.in,2
hatcherlandscapepartners.com,2
qenopauwels.be,2
fisionoticias.com,2
reputablebusinesses.com,2
findit.co.in,2
excellentcontractor.com,2
tealemoo.com,1
likesite.org,1
listingzclub.com,1
ibmlaherencia.org,1
