Domain,Category,Acquisition route,Ahrefs organic traffic,Semrush AS,Links to,Status,Note
retaildive.com,Commerce and retail trade press,Editorial outreach,,55,All four competitors,Competitor holds it,222 links to Authorize.Net. Strongest single trade press signal in the set
financemagnates.com,Fintech trade press,Editorial outreach,,43,All four competitors,Competitor holds it,Core payments and fintech publication
paymentsindustryintelligence.com,Payments trade press,Editorial outreach,,33,All four competitors,Competitor holds it,67 links to Authorize.Net. Niche and highly relevant
merchantmachine.co.uk,Comparison and review,Editorial outreach,,29,All four competitors,Competitor holds it,Comparison site. Commercial intent traffic
ecommercefastlane.com,Ecommerce media,Editorial outreach,,48,All four competitors,Competitor holds it,
geekflare.com,Software review,Editorial outreach,,46,All four competitors,Competitor holds it,
altexsoft.com,Technology content,Editorial outreach,92584,51,Authorize.Net,Competitor holds it,
faisalkhan.com,Payments consultancy blog,Editorial outreach,,31,All four competitors,Competitor holds it,Specialist payments commentary
lendsqr.com,Fintech,Editorial outreach,,34,All four competitors,Competitor holds it,
computerhope.com,Technology reference,Editorial outreach,322631,,Authorize.Net,Competitor holds it,
softpedia.com,Software media,Editorial outreach,203647,,Authorize.Net,Competitor holds it,
tutsplus.com,Developer education,Editorial outreach,185607,,Authorize.Net,Competitor holds it,
sitepoint.com,Developer publication,Editorial outreach,79808,,Authorize.Net,Competitor holds it,Developer audience match
c-sharpcorner.com,Developer publication,Editorial outreach,80876,,Authorize.Net,Competitor holds it,Developer audience match
mobileappdaily.com,Technology media,Editorial outreach,148938,,Authorize.Net,Competitor holds it,
ventureharbour.com,Business technology blog,Editorial outreach,70866,,Authorize.Net,Competitor holds it,
searchenginejournal.com,Marketing media,Editorial outreach,283535,,Authorize.Net,Competitor holds it,
moz.com,Marketing media,Editorial outreach,1020221,,Authorize.Net,Competitor holds it,
neilpatel.com,Marketing media,Editorial outreach,940985,,Authorize.Net,Competitor holds it,
seo.ai,Marketing technology,Editorial outreach,72223,,Authorize.Net,Competitor holds it,
finextra.com,Fintech trade press,Editorial outreach,,,Not checked,Profile match,Tier B profile fit. Confirm before targeting
digitaltransactions.net,Payments trade press,Editorial outreach,,,Not checked,Profile match,Tier B profile fit. Confirm before targeting
tearsheet.co,Fintech trade press,Editorial outreach,,,Not checked,Profile match,Tier B profile fit. Confirm before targeting
statista.com,Research and data,Digital PR with original data,1482905,,Adyen,Competitor holds it,Citation target. Requires original research to earn
grandviewresearch.com,Market research,Digital PR with original data,156649,,Authorize.Net,Competitor holds it,Citation target
ft.com,National business press,Digital PR with original data,2164284,,Adyen,Competitor holds it,Realistic only with genuinely newsworthy data
coindesk.com,Finance media,Digital PR with original data,1631792,,Adyen,Competitor holds it,
newsweek.com,National press,Digital PR with original data,1296330,,Adyen,Competitor holds it,
businessinsider.com,Business press,Digital PR with original data,,87,All four competitors,Competitor holds it,
engadget.com,Technology press,Digital PR with original data,293305,,Authorize.Net,Competitor holds it,
computerworld.com,Enterprise technology press,Digital PR with original data,125863,,Authorize.Net,Competitor holds it,
weforum.org,Institutional,Digital PR with original data,513185,,Adyen,Competitor holds it,Hard. Include only if the research is strong
thepointsguy.com,Consumer finance media,Digital PR with original data,902160,,Adyen,Competitor holds it,
sciencenews.org,Science media,Digital PR with original data,310900,,Authorize.Net,Competitor holds it,Low relevance. Deprioritise
wappalyzer.com,Technology profiler,Product listing,,42,All four competitors,Competitor holds it,Free. Earned through usage detection
builtwith.com,Technology profiler,Product listing,,,Not checked,Profile match,Free. Earned through usage detection
stackshare.io,Technology profiler,Product listing,,,Not checked,Profile match,Free. Submission based
cocoapods.org,Developer package registry,Product listing,,46,Adyen and others,Competitor holds it,52 links to Adyen. Requires an SDK package
hex.pm,Developer package registry,Product listing,,34,All four competitors,Competitor holds it,Requires a published package
hexdocs.pm,Developer documentation registry,Product listing,,42,All four competitors,Competitor holds it,Follows from the package above
packagist.org,Developer package registry,Product listing,,,Not checked,Profile match,PHP ecosystem. Requires a package
npmjs.com,Developer package registry,Product listing,,,Not checked,Profile match,Requires a published package
rapidapi.com,API directory,Product listing,,,Not checked,Profile match,Requires an API listing
postman.com,API tooling and public workspaces,Product listing,971218,,Adyen,Competitor holds it,Public workspace or collection
apidog.com,API tooling,Product listing,90749,,Authorize.Net,Competitor holds it,
gitbook.io,Documentation hosting,Product listing,106193,,Authorize.Net,Competitor holds it,
shopify.dev,Platform developer docs,Product listing,96875,,Authorize.Net,Competitor holds it,Follows from an app or integration
capterra.com,Software review directory,Product listing,,,Not checked,Profile match,Listing based
seeklogo.com,Brand asset directory,Product listing,,59,All four competitors,Competitor holds it,Trivial to obtain
iubenda.com,Compliance tooling,Product listing,90002,48,Adyen,Competitor holds it,199 links to Adyen
nacha.org,Industry association,Product listing,,,Not checked,Profile match,Membership or participation based
emvco.com,Standards body,Product listing,,,Not checked,Profile match,Membership or participation based
recurly.com,Subscription payments peer,Partnership or integration,,40,Adyen and others,Competitor holds it,139 links to Adyen. Integration listing
splitit.com,Payments peer,Partnership or integration,,42,All four competitors,Competitor holds it,
gocardless.com,Payments peer,Partnership or integration,457119,58,Authorize.Net and others,Competitor holds it,
paddle.com,Payments peer,Partnership or integration,239429,,Authorize.Net,Competitor holds it,
nayax.com,Unattended payments peer,Partnership or integration,88580,,Authorize.Net,Competitor holds it,Direct relevance to the unattended solutions page
lightspeedhq.com,Commerce platform,Partnership or integration,200247,,Authorize.Net,Competitor holds it,
goshippo.com,Ecommerce tooling,Partnership or integration,190491,,Authorize.Net,Competitor holds it,
sendcloud.com,Ecommerce tooling,Partnership or integration,109904,,Authorize.Net,Competitor holds it,
omnisend.com,Ecommerce marketing,Partnership or integration,82857,,Authorize.Net,Competitor holds it,
klaviyo.com,Ecommerce marketing,Partnership or integration,520117,,Adyen,Competitor holds it,
bill.com,Business payments,Partnership or integration,326028,,Authorize.Net,Competitor holds it,
zoho.com,Business software suite,Partnership or integration,9611494,,Adyen and Authorize.Net,Competitor holds it,Marketplace listing
odoo.com,Business software suite,Partnership or integration,934390,,Adyen and Authorize.Net,Competitor holds it,App store listing
elementor.com,Website platform,Partnership or integration,699739,,Adyen and Authorize.Net,Competitor holds it,
mulesoft.com,Integration platform,Partnership or integration,144630,,Authorize.Net,Competitor holds it,
jitterbit.com,Integration platform,Partnership or integration,82564,,Authorize.Net,Competitor holds it,
sitecore.com,Digital experience platform,Partnership or integration,106094,,Authorize.Net,Competitor holds it,
make.com,Integration directory,Partnership or integration,,,Not checked,Profile match,Requires a built integration
workato.com,Integration directory,Partnership or integration,,,Not checked,Profile match,Requires a built integration
n8n.io,Integration directory,Partnership or integration,,,Not checked,Profile match,Requires a built integration
pipedream.com,Integration directory,Partnership or integration,,,Not checked,Profile match,Requires a built integration
indiehackers.com,Developer and founder community,Community participation,110122,54,Authorize.Net and others,Competitor holds it,Direct buyer match
ycombinator.com,Startup community,Community participation,941914,,Authorize.Net,Competitor holds it,
codepen.io,Developer community,Community participation,383161,,Authorize.Net,Competitor holds it,
codesandbox.io,Developer community,Community participation,68870,,Authorize.Net,Competitor holds it,
velog.io,Developer community,Community participation,146438,,Authorize.Net,Competitor holds it,
visa.com,Card network,Not recommended,1417846,70,All four competitors,Competitor holds it,Presence follows from a commercial relationship not outreach
paypal.com,Payments incumbent,Not recommended,29500306,,Adyen,Competitor holds it,Not acquirable through outreach
chase.com,Bank,Not recommended,11915178,,Authorize.Net,Competitor holds it,Not acquirable through outreach
stripe.com,Direct competitor,Not recommended,4548330,,Adyen,Competitor holds it,Competitor property
intuit.com,Software incumbent,Not recommended,9212347,,Adyen,Competitor holds it,Partner relationship only
w3.org,Standards body,Not recommended,262309,,Authorize.Net,Competitor holds it,Specification participation only
php.net,Language documentation,Not recommended,483990,,Authorize.Net,Competitor holds it,Not an outreach target
postgresql.org,Project documentation,Not recommended,534658,,Adyen,Competitor holds it,Not an outreach target
curl.se,Project documentation,Not recommended,72138,,Authorize.Net,Competitor holds it,Not an outreach target
oreilly.com,Publisher,Not recommended,71459,,Authorize.Net,Competitor holds it,Book citation. Not plannable
docker.com,Developer platform,Not recommended,3595382,,Adyen,Competitor holds it,Vendor documentation or partner page
jetbrains.com,Developer tooling,Not recommended,2432608,,Adyen,Competitor holds it,Vendor documentation or partner page
okta.com,Identity platform,Not recommended,1440607,,Adyen,Competitor holds it,Partner relationship only
redhat.com,Enterprise software,Not recommended,1404975,,Adyen,Competitor holds it,Partner relationship only
unity3d.com,Developer platform,Not recommended,293470,,Authorize.Net,Competitor holds it,Vendor documentation
