google.com,3736695552
microsoft.com,296665024
adobe.com,124663016
indeed.com,110594312
yelp.com,105227152
foxnews.com,27463572
hp.com,15036237
chase.com,11915178
shopify.com,10545095
github.io,9855955
zoho.com,9611494
nbcnews.com,8985137
wix.com,8270306
cnet.com,7808966
pcmag.com,7709128
xataka.com,7654708
substack.com,6674241
stackexchange.com,5955040
aarp.org,5933502
stackoverflow.com,5377479
hostinger.com,5189012
uk.com,4840864
hubspot.com,4398346
pixnet.net,4080059
squarespace.com,3860831
docusign.com,3727009
antaranews.com,3417608
howstuffworks.com,3164082
zendesk.com,2970258
bigcartel.com,2877766
weebly.com,2682412
utah.edu,2235475
jotform.com,2134799
vodafone.co.uk,2005819
gofundme.com,1886561
rotowire.com,1880360
itmedia.co.jp,1786690
habr.com,1755028
vocus.cc,1745430
site.com,1646177
thule.com,1643190
glock.com,1640602
osu.edu,1588690
vercel.app,1473548
netlify.app,1460470
on3.com,1455291
inquirer.net,1442648
visa.com,1417846
colorado.gov,1333648
georgia.gov,1278198
banesco.com,1212598
barcodesinc.com,1208401
telegram.me,1180912
webflow.com,1131684
whois.com,1121894
mdpi.com,1120312
myshopify.com,1117185
lifehacker.com,1106987
gitlab.io,1103598
afcurgentcare.com,1032910
moz.com,1020221
surveymonkey.com,1018481
cuny.edu,1009396
ycombinator.com,941914
neilpatel.com,940985
odoo.com,934390
vodafone.com.eg,891937
webflow.io,858870
ihk.de,857086
neocities.org,844137
sketch.io,768640
skillshare.com,748600
gardendesign.com,733575
entrepreneur.com,729133
breitbart.com,716636
uschamber.com,708962
ionos.com,704010
elementor.com,699739
azurewebsites.net,673268
go.dev,661305
sfgate.com,644225
washington.edu,619220
yna.co.kr,588292
hubspot.es,577331
bigcommerce.com,556498
ucsb.edu,541491
athleanx.com,538293
huffingtonpost.es,514454
toptal.com,503662
web.app,496111
commanders.com,494064
php.net,483990
cleveland.com,481970
constantcontact.com,481768
washington.org,466026
gocardless.com,457119
oklahoma.gov,453975
godaddysites.com,445204
com.de,443224
beacons.ai,441947
woocommerce.com,432362
caltech.edu,432022
ni.com,402581
geocities.ws,393784
codepen.io,383161
bluehost.com,376962
gohighlevel.com,356639
readme.io,352211
getjobber.com,345446
ngccoin.com,333550
kinsta.com,333289
ionos.co.uk,328110
bill.com,326028
computerhope.com,322631
sciencenews.org,310900
yolasite.com,306783
unity3d.com,293470
engadget.com,293305
searchenginejournal.com,283535
inc.com,276848
optimizely.com,276048
buffalo.edu,275653
railway.com,275134
getharvest.com,271737
aliyun.com,264714
w3.org,262309
uada.edu,259683
vodafone.com,257030
gambling.com,246991
mystrikingly.com,240647
paddle.com,239429
poddtoppen.se,234551
freshdesk.com,233618
chargebee.com,218823
baylor.edu,211910
softpedia.com,203647
lightspeedhq.com,200247
discountedwheelwarehouse.com,196712
nmsu.edu,194230
goshippo.com,190491
beefitswhatsfordinner.com,189733
tutsplus.com,185607
dreamhost.com,185467
trailersplus.com,185331
papercut.com,182973
business.com,177330
networksolutions.com,175127
thinkific.com,172969
huffingtonpost.co.uk,172064
systeme.io,164044
inbodyusa.com,163204
elegantthemes.com,162564
podium.com,158124
grandviewresearch.com,156649
renogy.com,154706
avn.com,154639
multitracks.com,152911
mobileappdaily.com,148938
hostgator.com,148766
cloudways.com,146897
velog.io,146438
mulesoft.com,144630
jimdosite.com,140354
multiscreensite.com,139678
awin.com,139490
screenpal.com,139170
beehiiv.com,134817
lovable.app,131211
tributearchive.com,131181
alteryx.com,129473
hostadvice.com,129419
wayne.edu,127363
dynamics.com,127219
computerworld.com,125863
gunsinternational.com,125371
wpengine.com,125268
mystagingwebsite.com,122618
comodo.com,121637
leviton.com,120698
speakrj.com,119891
myhours.com,118478
lodgify.com,115002
cloudbeds.com,114021
bitrix24.com,111117
indiehackers.com,110122
zoho.in,109923
sendcloud.com,109904
whyy.org,109823
site123.com,108285
gettimely.com,107226
citiprogram.org,107186
freelancehunt.com,106715
gitbook.io,106193
sitecore.com,106094
colormemine.com,106081
gaiaherbs.com,105484
scotthyoung.com,105234
zendrop.com,104384
codeur.com,103476
nav.com,103224
pocketcasts.com,102967
cmmg.com,101662
bitrix24.com.br,101358
ecwid.com,100385
visa.fr,99545
cpp.edu,99152
fairview.org,98742
trumpmobile.com,97073
shopify.dev,96875
altexsoft.com,92584
liquidweb.com,92535
docebo.com,92516
blockadvisors.com,91890
apidog.com,90749
iubenda.com,90002
nayax.com,88580
pantheon.io,88466
welltrainedmind.com,88367
progress.com,88139
earthecbd.com,87903
intacct.com,83801
omnisend.com,82857
jitterbit.com,82564
value-domain.com,82534
nku.edu,81821
atlassian.net,81090
spocket.co,80898
c-sharpcorner.com,80876
zeffy.com,80853
theblaze.com,80494
sitepoint.com,79808
mvy.com,78775
microscope.com,77721
simplybook.me,76168
pymnts.com,75241
pilot.com,74369
telerik.com,73144
leadsquared.com,72247
seo.ai,72223
curl.se,72138
oreilly.com,71459
ventureharbour.com,70866
syncrosecure.com,70499
golftec.com,70107
tawk.help,69751
prospeo.io,69651
score.org,69332
codesandbox.io,68870
practicalecommerce.com,68582
bitrix24.es,68396
